id,nom,ville,arrondissement,quartier,latitude,longitude,telephone,email,type_centre,vaccination_enfants,vaccination_adultes,suivi_grossesse,planning_familial,consultation_nourrissons,vaccins_disponibles,carnet_sante_numerique,horaires
VAC0001,PMI Saint-Jeanne,Yaoundé,Yaoundé V,Nkomo,3.860847,11.514347,+237 693 362 565,jeanne@gmail.com,PMI,Oui,Oui,Non,Oui,Oui,Hépatite B | Tétanos | Méningite | DTP | BCG | Fièvre jaune | HPV | Rougeole | COVID-19 | Polio,Non,Lun–Sam 07h00–20h00
VAC0002,PMI de PK14,Douala,Douala V,PK14,4.004687,9.681276,+237 696 285 252,pk14@sante.cm,PMI,Oui,Oui,Oui,Non,Oui,BCG | Fièvre jaune | Tétanos | Rougeole | Méningite,Non,Lun–Sam 07h00–20h00
VAC0003,Centre de Vaccination Salut,Yaoundé,Yaoundé I,Ngousso,3.953071,11.528054,+237 243 134 688,salut@hotmail.com,CSI avec vaccination,Oui,Non,Non,Oui,Non,Rougeole | DTP | Tétanos | HPV,Oui,Lun–Sam 07h00–20h00
VAC0004,Centre de Santé Maternelle et Infantile de Bali,Douala,Douala II,Ndoghem,3.976428,9.670393,+237 233 675 878,santématernele@sante.cm,Centre de vaccination,Oui,Oui,Oui,Oui,Oui,HPV | Fièvre jaune | Tétanos | DTP | Rougeole | Méningite | Hépatite B | BCG | Polio,Non,Lun–Sam 08h30–18h30
VAC0005,PMI Saint-Bernadette,Yaoundé,Yaoundé III,Étoa-Meki,3.835409,11.539554,+237 677 601 309,bernadette@sante.cm,CSI avec vaccination,Oui,Oui,Oui,Oui,Oui,Méningite | BCG | Tétanos | Polio | Fièvre jaune | HPV | COVID-19 | Hépatite B | DTP | Rougeole,Non,Lun–Sam 08h30–18h30
VAC0006,Centre de Vaccination de Biyem-Assi,Yaoundé,Yaoundé V,Biyem-Assi,3.808152,11.545081,+237 690 503 290,biyem-assi@sante.cm,CSI avec vaccination,Oui,Oui,Non,Oui,Oui,Rougeole | Hépatite B | HPV | Polio | DTP | Tétanos | BCG | COVID-19 | Méningite,Non,Lun–Ven 08h00–18h00
VAC0007,PMI Saint-Louis,Douala,Douala IV,New Bell,4.057575,9.703356,+237 699 714 621,louis@hotmail.com,Centre de vaccination,Oui,Oui,Oui,Oui,Oui,Polio | BCG | Tétanos | COVID-19 | Fièvre jaune,Non,Lun–Sam 07h00–20h00
VAC0008,PMI de Melen,Yaoundé,Yaoundé VI,Melen,3.813696,11.435167,+237 222 678 225,melen@yahoo.fr,Centre de vaccination,Oui,Oui,Oui,Oui,Oui,Fièvre jaune | Méningite | Hépatite B | HPV | Polio | DTP | Rougeole | Tétanos | BCG | COVID-19,Oui,Lun–Ven 08h00–18h00
VAC0009,Centre de Vaccination de Mokolo,Yaoundé,Yaoundé II,Mokolo,3.791513,11.585049,+237 654 458 819,mokolo@hotmail.com,PMI,Oui,Oui,Non,Non,Oui,BCG | Rougeole | Polio | COVID-19,Non,Lun–Sam 08h00–17h00
VAC0010,Centre de Vaccination de Ndogpassi,Douala,Douala VI,Ndogpassi,4.081071,9.782852,+237 693 809 596,ndogpassi@sante.cm,Centre de vaccination,Oui,Oui,Oui,Non,Oui,BCG | COVID-19 | Hépatite B | Tétanos | DTP | HPV | Rougeole,Non,Lun–Sam 08h30–18h30
VAC0011,Centre de Vaccination Abega,Douala,Douala II,Boko,4.052371,9.666908,+237 691 914 540,abega@sante.cm,Centre de vaccination,Oui,Non,Oui,Oui,Oui,Rougeole | Fièvre jaune | HPV | DTP,Non,7j/7 — 08h00–20h00
VAC0012,Centre de Vaccination de Bonapriso,Douala,Douala VI,Bepanda,4.03366,9.624414,+237 699 678 300,bonapriso@yahoo.fr,Centre de vaccination,Oui,Non,Oui,Oui,Oui,DTP | Polio | COVID-19 | Méningite | BCG | Rougeole,Non,Lun–Ven 07h30–17h30
VAC0013,Centre de Santé Maternelle et Infantile de Mbanya,Douala,Douala III,PK14,4.084615,9.764704,+237 243 003 945,santématernele@gmail.com,Centre de vaccination,Oui,Non,Oui,Oui,Oui,HPV | Polio | DTP | BCG | COVID-19 | Hépatite B | Rougeole | Tétanos,Non,Lun–Ven 07h30–17h30
VAC0014,Centre de Vaccination de Ndogbong,Douala,Douala IV,PK17,4.065987,9.708784,+237 698 896 622,ndogbong@yahoo.fr,PMI,Oui,Oui,Oui,Oui,Non,HPV | Hépatite B | Fièvre jaune | Polio | Rougeole | Tétanos | BCG | DTP,Non,Lun–Sam 07h30–19h00
VAC0015,PMI de Ahala,Yaoundé,Yaoundé III,Ahala,3.862983,11.59121,+237 692 292 214,ahala@yahoo.fr,PMI,Oui,Oui,Oui,Non,Oui,Polio | COVID-19 | Hépatite B | Rougeole | DTP | Tétanos,Non,Lun–Sam 07h30–19h00
VAC0016,PMI Saint-Étienne,Douala,Douala V,Mbanya,4.073324,9.65207,+237 242 398 784,étienne@gmail.com,CSI avec vaccination,Oui,Non,Oui,Oui,Oui,COVID-19 | Polio | DTP | Hépatite B | HPV | Rougeole | Tétanos | Méningite | BCG | Fièvre jaune,Non,Lun–Ven 08h00–18h00
VAC0017,Centre de Vaccination de Bastos,Yaoundé,Yaoundé III,Efoulan,3.828065,11.549358,+237 650 234 737,bastos@yahoo.fr,PMI,Oui,Oui,Oui,Oui,Oui,Rougeole | Polio | Méningite | COVID-19 | DTP | HPV,Non,Lun–Sam 07h30–19h00
VAC0018,Centre de Vaccination Belinga,Douala,Douala III,Boko,4.034942,9.716296,+237 222 978 374,belinga@sante.cm,CSI avec vaccination,Oui,Oui,Non,Oui,Oui,HPV | Rougeole | Polio | COVID-19,Non,Lun–Ven 08h00–18h00
VAC0019,Centre de Vaccination Ndoumbe,Yaoundé,Yaoundé III,Efoulan,3.822269,11.546047,+237 677 595 683,ndoumbe@sante.cm,Centre de vaccination,Oui,Oui,Oui,Oui,Non,COVID-19 | BCG | Hépatite B | Polio | HPV | Tétanos | Méningite | DTP | Rougeole,Non,Lun–Sam 07h30–19h00
VAC0020,PMI de Nlongkak,Yaoundé,Yaoundé IV,Nkolbisson,3.860558,11.398309,+237 242 709 620,nlongkak@yahoo.fr,PMI,Oui,Oui,Oui,Non,Oui,DTP | Fièvre jaune | Méningite | Polio | Rougeole,Non,Lun–Sam 07h30–19h00
VAC0021,PMI de Kotto,Douala,Douala I,Mboppi,4.130333,9.701021,+237 691 079 132,kotto@gmail.com,Centre de vaccination,Oui,Non,Oui,Oui,Non,HPV | Méningite | Polio | Hépatite B | COVID-19 | Rougeole,Non,7j/7 — 08h00–20h00
VAC0022,Centre de Santé Maternelle et Infantile de Mvog-Mbi,Yaoundé,Yaoundé VI,Mvog-Ada,3.784702,11.523322,+237 243 593 512,santématernele@hotmail.com,PMI,Oui,Non,Oui,Oui,Oui,Tétanos | DTP | Fièvre jaune | BCG | Polio | Rougeole | Méningite,Non,Lun–Ven 08h00–18h00
VAC0023,Centre de Vaccination Progrès,Yaoundé,Yaoundé III,Madagascar,3.914444,11.556906,+237 699 436 102,progrès@hotmail.com,PMI,Oui,Oui,Oui,Oui,Oui,COVID-19 | Tétanos | HPV | Fièvre jaune | Hépatite B,Non,Lun–Sam 08h30–18h30
VAC0024,Centre de Vaccination de Messa,Yaoundé,Yaoundé VII,Mvog-Mbi,3.782786,11.543783,+237 695 287 812,messa@gmail.com,CSI avec vaccination,Oui,Oui,Oui,Oui,Oui,Tétanos | HPV | Fièvre jaune | Polio | COVID-19 | Méningite | Hépatite B | DTP | BCG,Non,Lun–Sam 08h00–17h00
VAC0025,PMI de Ndogpassi,Douala,Douala II,Akwa,4.069803,9.652951,+237 678 312 000,ndogpassi@sante.cm,Centre de vaccination,Oui,Oui,Non,Non,Oui,Hépatite B | Rougeole | Fièvre jaune | Méningite,Oui,Lun–Sam 08h30–18h30
VAC0026,PMI de Ndog-Bong,Douala,Douala III,Bonaberi,4.068489,9.726053,+237 677 807 490,ndog-bong@hotmail.com,Centre de vaccination,Oui,Oui,Non,Oui,Oui,Méningite | Rougeole | Fièvre jaune | BCG | DTP,Non,7j/7 — 08h00–20h00
VAC0027,Centre de Vaccination de PK8,Douala,Douala III,PK14,4.091691,9.729665,+237 693 582 498,pk8@yahoo.fr,Centre de vaccination,Oui,Oui,Oui,Oui,Oui,Méningite | BCG | DTP | Fièvre jaune | COVID-19 | Polio | Tétanos | Rougeole | Hépatite B,Non,Lun–Ven 07h30–17h30
VAC0028,Centre de Vaccination Wamba,Yaoundé,Yaoundé IV,Émana,3.885138,11.602796,+237 693 180 319,wamba@gmail.com,PMI,Oui,Oui,Non,Non,Oui,DTP | BCG | Fièvre jaune | Rougeole,Non,Lun–Sam 07h00–20h00
VAC0029,PMI Saint-Luc,Yaoundé,Yaoundé V,Biteng,3.802933,11.530884,+237 694 501 444,luc@gmail.com,CSI avec vaccination,Oui,Oui,Non,Non,Oui,Polio | Tétanos | BCG | Rougeole,Non,Lun–Ven 07h30–17h30
VAC0030,Centre de Vaccination de New Bell,Douala,Douala VI,Bonanjo,4.101788,9.772835,+237 691 314 058,newbell@gmail.com,PMI,Oui,Oui,Oui,Oui,Oui,Méningite | Hépatite B | Tétanos | COVID-19 | Polio | Rougeole | BCG,Non,Lun–Dim 08h00–18h00
VAC0031,Centre de Vaccination Ekani,Douala,Douala IV,Makepe,4.039406,9.699973,+237 691 203 088,ekani@hotmail.com,Centre de vaccination,Oui,Oui,Oui,Oui,Oui,Rougeole | Fièvre jaune | Hépatite B | Tétanos | COVID-19 | DTP,Oui,Lun–Sam 08h00–17h00
VAC0032,PMI de Bonapriso,Douala,Douala I,PK10,4.011452,9.758311,+237 653 486 154,bonapriso@yahoo.fr,CSI avec vaccination,Oui,Oui,Non,Oui,Oui,Hépatite B | HPV | DTP | Fièvre jaune | Tétanos | Méningite | Polio | Rougeole | BCG | COVID-19,Non,Lun–Sam 07h30–19h00
VAC0033,PMI de Mvan,Yaoundé,Yaoundé VI,Mvan,3.904771,11.473927,+237 696 878 483,mvan@hotmail.com,Centre de vaccination,Oui,Non,Oui,Oui,Oui,HPV | Fièvre jaune | DTP | BCG | Rougeole | Polio | COVID-19 | Méningite | Tétanos,Non,Lun–Sam 08h30–18h30
VAC0034,Centre de Vaccination de Bassa,Douala,Douala III,Soboum,4.128883,9.745516,+237 222 327 669,bassa@hotmail.com,CSI avec vaccination,Oui,Oui,Non,Oui,Oui,Polio | COVID-19 | Méningite | Fièvre jaune | BCG,Non,Lun–Sam 08h30–18h30
VAC0035,Centre de Vaccination Assamba,Douala,Douala II,Koumassi,4.009248,9.659124,+237 654 858 181,assamba@hotmail.com,PMI,Oui,Oui,Oui,Non,Oui,HPV | Fièvre jaune | Rougeole | Polio | Méningite | COVID-19 | Tétanos,Non,7j/7 — 08h00–20h00
VAC0036,Centre de Vaccination de Ndoghem,Douala,Douala V,PK10,4.082098,9.67697,+237 699 155 050,ndoghem@sante.cm,CSI avec vaccination,Oui,Oui,Oui,Non,Non,COVID-19 | HPV | Polio | DTP | Rougeole | BCG | Hépatite B | Tétanos | Fièvre jaune | Méningite,Non,Lun–Dim 08h00–18h00
VAC0037,Centre de Vaccination de Bonanjo,Douala,Douala II,Bonanjo,4.000718,9.73281,+237 699 463 933,bonanjo@gmail.com,CSI avec vaccination,Oui,Oui,Oui,Non,Oui,Tétanos | DTP | Fièvre jaune | Hépatite B | BCG | Polio | COVID-19 | HPV,Non,Lun–Sam 07h30–19h00
VAC0038,Centre de Vaccination de Youpwé,Douala,Douala V,Bessengue,4.086416,9.692188,+237 692 010 057,youpwé@gmail.com,PMI,Oui,Oui,Oui,Oui,Oui,HPV | Méningite | BCG | COVID-19 | Tétanos | Polio | Hépatite B | Rougeole,Non,Lun–Dim 08h00–18h00
VAC0039,PMI Saint-Raphaël,Yaoundé,Yaoundé I,Nkol-Afeme,3.844617,11.395077,+237 691 274 875,raphaël@gmail.com,Centre de vaccination,Oui,Oui,Oui,Oui,Oui,Hépatite B | DTP | Fièvre jaune | BCG | Polio,Non,Lun–Sam 08h00–17h00
VAC0040,Centre de Vaccination de Ndokoti,Douala,Douala III,Japoma,4.06629,9.75923,+237 651 020 602,ndokoti@hotmail.com,CSI avec vaccination,Oui,Non,Non,Oui,Oui,BCG | Tétanos | Polio | Fièvre jaune | COVID-19 | DTP | Méningite | Rougeole | Hépatite B,Oui,Lun–Sam 07h30–19h00
VAC0041,Centre de Santé Maternelle et Infantile de Ndokoti,Douala,Douala I,Deido,4.037141,9.786805,+237 691 818 671,santématernele@sante.cm,CSI avec vaccination,Oui,Oui,Oui,Oui,Oui,Fièvre jaune | BCG | DTP | COVID-19 | Tétanos | HPV | Polio | Méningite | Hépatite B | Rougeole,Oui,Lun–Dim 08h00–18h00
VAC0042,Centre de Vaccination de Bonaloka,Douala,Douala III,New Bell,4.058459,9.67296,+237 696 314 347,bonaloka@sante.cm,Centre de vaccination,Oui,Non,Oui,Oui,Oui,Rougeole | COVID-19 | DTP | Tétanos | Méningite | HPV | Fièvre jaune | BCG,Non,Lun–Ven 08h00–18h00
VAC0043,PMI de Kondengui,Yaoundé,Yaoundé III,Étoa-Meki,3.904677,11.53236,+237 678 610 971,kondengui@gmail.com,Centre de vaccination,Oui,Oui,Non,Oui,Oui,Fièvre jaune | Rougeole | COVID-19 | HPV,Non,Lun–Sam 08h00–17h00
VAC0044,Centre de Vaccination de Odza,Yaoundé,Yaoundé VII,Odza,3.924219,11.469117,+237 699 156 211,odza@gmail.com,CSI avec vaccination,Oui,Oui,Oui,Oui,Oui,Méningite | BCG | Hépatite B | Polio | COVID-19 | Tétanos | HPV | Rougeole | Fièvre jaune,Non,Lun–Ven 07h30–17h30
VAC0045,PMI de Makepe,Douala,Douala II,Ndog-Bong,4.018547,9.664796,+237 691 095 151,makepe@yahoo.fr,Centre de vaccination,Oui,Oui,Oui,Non,Oui,Méningite | Polio | Hépatite B | Tétanos | Rougeole | COVID-19 | BCG | Fièvre jaune,Non,Lun–Ven 08h00–18h00
VAC0046,Centre de Vaccination de Mvan,Yaoundé,Yaoundé VI,Nkol-Afeme,3.879248,11.549107,+237 699 957 387,mvan@hotmail.com,CSI avec vaccination,Oui,Oui,Oui,Oui,Oui,Polio | Fièvre jaune | BCG | Méningite | Hépatite B | DTP | HPV,Oui,Lun–Sam 08h00–17h00
VAC0047,PMI de Bonanjo,Douala,Douala III,Bonanjo,4.076297,9.702509,+237 696 609 725,bonanjo@sante.cm,Centre de vaccination,Oui,Oui,Oui,Non,Oui,Méningite | DTP | Hépatite B | COVID-19 | Polio | Rougeole | Fièvre jaune | Tétanos | HPV | BCG,Oui,Lun–Dim 08h00–18h00
VAC0048,Centre de Vaccination de Ngousso,Yaoundé,Yaoundé V,Nkolbisson,3.784696,11.562953,+237 652 089 380,ngousso@yahoo.fr,PMI,Oui,Oui,Oui,Oui,Non,Polio | DTP | Méningite | Rougeole | Tétanos | BCG,Non,Lun–Sam 08h30–18h30
VAC0049,Centre de Vaccination de Etoudi,Yaoundé,Yaoundé II,Etoudi,3.785686,11.538022,+237 654 301 639,etoudi@gmail.com,PMI,Oui,Oui,Oui,Oui,Oui,Fièvre jaune | DTP | Hépatite B | Tétanos | HPV | Méningite | Rougeole | BCG,Oui,Lun–Ven 08h00–18h00
VAC0050,Centre de Vaccination Ndjock,Douala,Douala VI,Ndog-Passi III,4.090003,9.724924,+237 696 307 565,ndjock@gmail.com,CSI avec vaccination,Oui,Non,Oui,Oui,Oui,COVID-19 | Fièvre jaune | DTP | Tétanos | Polio,Non,Lun–Ven 08h00–18h00
VAC0051,Centre de Santé Maternelle et Infantile de Simbock,Yaoundé,Yaoundé IV,Simbock,3.851622,11.535925,+237 693 888 831,santématernele@gmail.com,PMI,Oui,Oui,Non,Oui,Oui,Hépatite B | COVID-19 | Fièvre jaune | BCG | Tétanos | Rougeole,Oui,Lun–Dim 08h00–18h00
VAC0052,Centre de Santé Maternelle et Infantile de Bepanda,Douala,Douala IV,Bonaberi,4.04544,9.778922,+237 222 052 339,santématernele@gmail.com,PMI,Oui,Oui,Non,Non,Oui,COVID-19 | DTP | Méningite | Rougeole | BCG,Non,Lun–Dim 08h00–18h00
VAC0053,Centre de Santé Maternelle et Infantile de Boko,Douala,Douala II,Bonaberi,4.029472,9.663578,+237 691 663 204,santématernele@sante.cm,CSI avec vaccination,Oui,Non,Non,Oui,Oui,Méningite | Fièvre jaune | BCG | Hépatite B | Tétanos | COVID-19,Oui,Lun–Sam 08h00–17h00
VAC0054,Centre de Vaccination Simo,Douala,Douala VI,Bonapriso,4.073194,9.669648,+237 696 991 533,simo@sante.cm,Centre de vaccination,Oui,Oui,Non,Oui,Oui,Hépatite B | Rougeole | DTP | Tétanos | COVID-19 | HPV | BCG | Polio,Non,Lun–Sam 07h00–20h00
VAC0055,Centre de Vaccination Nlend,Yaoundé,Yaoundé IV,Nkol-Afeme,3.879166,11.59432,+237 678 387 524,nlend@hotmail.com,Centre de vaccination,Oui,Oui,Oui,Non,Non,Fièvre jaune | HPV | Tétanos | Rougeole | Méningite | Polio | DTP | COVID-19 | Hépatite B,Non,Lun–Sam 08h00–17h00
VAC0056,Centre de Vaccination de Logbessou,Douala,Douala V,Ndogbong,3.975461,9.716399,+237 243 644 880,logbessou@gmail.com,Centre de vaccination,Oui,Oui,Oui,Oui,Non,HPV | Polio | Hépatite B | Méningite | BCG | Rougeole | Fièvre jaune,Non,Lun–Sam 08h00–17h00
VAC0057,PMI Saint-Luc,Yaoundé,Yaoundé VII,Ngousso,3.8581,11.57249,+237 655 622 576,luc@gmail.com,PMI,Oui,Non,Oui,Oui,Oui,Fièvre jaune | BCG | HPV | Polio | DTP | Hépatite B | Méningite | COVID-19 | Rougeole,Non,Lun–Ven 08h00–18h00
VAC0058,Centre de Santé Maternelle et Infantile de Mvan,Yaoundé,Yaoundé I,Mvog-Mbi,3.795678,11.506825,+237 222 826 194,santématernele@gmail.com,PMI,Oui,Oui,Non,Oui,Oui,Rougeole | Fièvre jaune | COVID-19 | DTP | Tétanos,Oui,Lun–Dim 08h00–18h00
VAC0059,Centre de Santé Maternelle et Infantile de Youpwé,Douala,Douala I,Youpwé,4.080844,9.788982,+237 651 855 509,santématernele@gmail.com,PMI,Oui,Oui,Oui,Non,Oui,Rougeole | Hépatite B | BCG | Tétanos | DTP | Méningite | Polio | HPV | Fièvre jaune | COVID-19,Non,Lun–Sam 07h00–20h00
VAC0060,Centre de Santé Maternelle et Infantile de Ngousso,Yaoundé,Yaoundé I,Ngousso,3.840419,11.569205,+237 242 099 749,santématernele@hotmail.com,CSI avec vaccination,Oui,Oui,Oui,Non,Non,Fièvre jaune | Tétanos | Polio | DTP | HPV | COVID-19 | Hépatite B | Rougeole | Méningite | BCG,Non,Lun–Ven 07h30–17h30
VAC0061,Centre de Vaccination de Bonaloka,Douala,Douala III,Ndog-Bong,4.11686,9.739742,+237 698 064 534,bonaloka@sante.cm,PMI,Oui,Non,Non,Oui,Oui,Rougeole | Tétanos | Méningite | Hépatite B | COVID-19 | HPV | Fièvre jaune | BCG,Oui,Lun–Sam 07h00–20h00
VAC0062,PMI de Ndog-Passi III,Douala,Douala IV,Ndogbong,4.019274,9.732861,+237 678 838 890,ndog-passiiii@hotmail.com,CSI avec vaccination,Oui,Oui,Oui,Non,Oui,Polio | Rougeole | Fièvre jaune | COVID-19 | Hépatite B | HPV | Tétanos | DTP | Méningite | BCG,Non,Lun–Ven 07h30–17h30
VAC0063,PMI de Bonaloka,Douala,Douala IV,PK12,4.091778,9.708848,+237 690 526 997,bonaloka@sante.cm,PMI,Oui,Oui,Oui,Oui,Oui,Rougeole | HPV | Hépatite B | Polio | COVID-19 | Méningite | Fièvre jaune,Non,Lun–Sam 07h00–20h00
VAC0064,PMI de Mvog-Atangana,Yaoundé,Yaoundé V,Mvog-Atangana,3.822146,11.580322,+237 243 303 298,mvog-atangana@hotmail.com,PMI,Oui,Non,Oui,Oui,Oui,HPV | Polio | Tétanos | COVID-19,Non,Lun–Dim 08h00–18h00
VAC0065,Centre de Vaccination de Ahala,Yaoundé,Yaoundé I,Ahala,3.785825,11.47828,+237 677 333 514,ahala@yahoo.fr,PMI,Oui,Oui,Oui,Non,Oui,Hépatite B | DTP | Rougeole | Polio | BCG | COVID-19 | Méningite | HPV,Oui,Lun–Ven 07h30–17h30
VAC0066,Centre de Vaccination de Nkongmondo,Douala,Douala VI,Nkongmondo,4.07285,9.794823,+237 679 143 898,nkongmondo@yahoo.fr,Centre de vaccination,Oui,Oui,Non,Oui,Oui,HPV | Fièvre jaune | Polio | DTP | COVID-19 | Méningite | Tétanos | BCG | Hépatite B,Non,Lun–Sam 07h00–20h00
VAC0067,Centre de Vaccination de PK14,Douala,Douala VI,Bali,3.995138,9.748514,+237 222 770 865,pk14@yahoo.fr,CSI avec vaccination,Oui,Oui,Non,Non,Oui,Hépatite B | Tétanos | HPV | Méningite | Polio | COVID-19 | Fièvre jaune | BCG | Rougeole,Non,Lun–Sam 07h00–20h00
VAC0068,PMI de Mendong,Yaoundé,Yaoundé V,Mendong,3.807045,11.464181,+237 693 798 289,mendong@yahoo.fr,PMI,Oui,Non,Oui,Oui,Oui,COVID-19 | Méningite | Hépatite B | Tétanos | BCG | Fièvre jaune | Rougeole | DTP,Non,Lun–Sam 08h30–18h30
VAC0069,PMI de Biteng,Yaoundé,Yaoundé III,Biteng,3.795092,11.583923,+237 242 841 329,biteng@yahoo.fr,Centre de vaccination,Oui,Non,Oui,Oui,Non,Méningite | Fièvre jaune | DTP | Hépatite B | Tétanos | HPV | BCG | Rougeole,Non,Lun–Sam 07h00–20h00
VAC0070,Centre de Vaccination de Mvog-Mbi,Yaoundé,Yaoundé II,Essos,3.764851,11.561043,+237 698 308 267,mvog-mbi@hotmail.com,PMI,Oui,Oui,Non,Oui,Non,Tétanos | Polio | Fièvre jaune | Méningite,Non,Lun–Sam 07h00–20h00
VAC0071,PMI de Santa Barbara,Yaoundé,Yaoundé I,Djoungolo,3.882877,11.489458,+237 652 610 257,santabarbara@gmail.com,Centre de vaccination,Oui,Oui,Oui,Non,Oui,Polio | Tétanos | Fièvre jaune | DTP | HPV | Rougeole,Non,7j/7 — 08h00–20h00
VAC0072,Centre de Vaccination de Santa Barbara,Yaoundé,Yaoundé III,Santa Barbara,3.790965,11.565452,+237 653 210 147,santabarbara@sante.cm,Centre de vaccination,Oui,Oui,Oui,Non,Oui,Fièvre jaune | HPV | Rougeole | DTP | Hépatite B | Méningite | Polio | Tétanos,Non,Lun–Ven 08h00–18h00
VAC0073,Centre de Vaccination Santé,Yaoundé,Yaoundé III,Briqueterie,3.794678,11.447538,+237 677 712 536,santé@hotmail.com,CSI avec vaccination,Oui,Oui,Non,Oui,Oui,HPV | Rougeole | BCG | Méningite,Oui,Lun–Sam 08h30–18h30
VAC0074,PMI de Ndogbong,Douala,Douala V,Boko,4.060217,9.68236,+237 651 364 132,ndogbong@yahoo.fr,CSI avec vaccination,Oui,Oui,Oui,Non,Oui,HPV | DTP | Rougeole | BCG | COVID-19 | Fièvre jaune | Polio,Non,Lun–Sam 08h30–18h30
VAC0075,PMI de Briqueterie,Yaoundé,Yaoundé I,Mendong,3.774587,11.533679,+237 242 270 086,briqueterie@gmail.com,CSI avec vaccination,Oui,Oui,Oui,Oui,Oui,Fièvre jaune | Tétanos | HPV | Rougeole | BCG,Oui,Lun–Sam 08h00–17h00
VAC0076,PMI Saint-Luc,Yaoundé,Yaoundé V,Efoulan,3.741322,11.492795,+237 698 648 408,luc@hotmail.com,CSI avec vaccination,Oui,Oui,Oui,Oui,Oui,Polio | Tétanos | HPV | Fièvre jaune | Hépatite B | DTP | Méningite,Non,Lun–Sam 08h30–18h30
VAC0077,PMI de Ndog-Bong,Douala,Douala I,Ndog-Bong,4.022826,9.713928,+237 652 130 286,ndog-bong@sante.cm,PMI,Oui,Non,Non,Oui,Non,Méningite | DTP | BCG | Hépatite B,Non,Lun–Sam 08h00–17h00
VAC0078,Centre de Vaccination Mvé,Yaoundé,Yaoundé II,Étoa-Meki,3.770761,11.504228,+237 243 073 879,mvé@yahoo.fr,CSI avec vaccination,Oui,Oui,Non,Oui,Oui,BCG | Rougeole | Tétanos | Polio | Fièvre jaune | COVID-19 | DTP | Méningite,Non,Lun–Sam 07h00–20h00
VAC0079,Centre de Vaccination de Ndog-Passi III,Douala,Douala III,Ndog-Passi III,4.110742,9.6642,+237 694 690 177,ndog-passiiii@sante.cm,CSI avec vaccination,Oui,Oui,Oui,Oui,Oui,COVID-19 | HPV | Méningite | Polio | Hépatite B,Oui,Lun–Ven 08h00–18h00
VAC0080,PMI Saint-François,Yaoundé,Yaoundé VII,Djoungolo,3.8111,11.459598,+237 698 936 517,françois@hotmail.com,Centre de vaccination,Oui,Oui,Non,Non,Oui,Fièvre jaune | Polio | BCG | Hépatite B | HPV | Méningite | Rougeole | Tétanos | COVID-19 | DTP,Non,Lun–Sam 08h30–18h30
VAC0081,Centre de Vaccination de Bonamoussadi,Douala,Douala I,PK10,4.062872,9.656522,+237 242 767 806,bonamoussadi@yahoo.fr,Centre de vaccination,Oui,Oui,Oui,Oui,Non,Polio | HPV | Fièvre jaune | Tétanos | COVID-19 | Hépatite B | Méningite,Oui,Lun–Dim 08h00–18h00
VAC0082,PMI Saint-Patrick,Douala,Douala III,Ndogpassi,4.056544,9.685869,+237 222 015 255,patrick@gmail.com,PMI,Oui,Oui,Oui,Oui,Oui,Tétanos | Hépatite B | COVID-19 | BCG | Rougeole | Polio,Non,Lun–Ven 07h30–17h30
VAC0083,Centre de Vaccination Engoulou,Yaoundé,Yaoundé III,Nkol-Eton,3.82134,11.489348,+237 655 368 342,engoulou@yahoo.fr,CSI avec vaccination,Oui,Oui,Oui,Oui,Oui,COVID-19 | DTP | Rougeole | Tétanos,Oui,Lun–Dim 08h00–18h00
VAC0084,PMI de Simbock,Yaoundé,Yaoundé VI,Tsinga,3.826541,11.559327,+237 650 206 342,simbock@sante.cm,PMI,Oui,Oui,Oui,Oui,Non,Polio | Rougeole | HPV | Fièvre jaune | Méningite,Non,Lun–Ven 07h30–17h30
VAC0085,Centre de Vaccination Vie,Douala,Douala II,Boko,3.979789,9.7371,+237 651 236 438,vie@gmail.com,CSI avec vaccination,Oui,Oui,Non,Oui,Non,Hépatite B | DTP | Tétanos | Fièvre jaune | BCG | Polio | COVID-19 | HPV | Rougeole | Méningite,Non,Lun–Sam 08h00–17h00
VAC0086,Centre de Vaccination de Bonamoussadi,Douala,Douala III,Bassa,4.055929,9.722589,+237 242 019 707,bonamoussadi@hotmail.com,CSI avec vaccination,Oui,Non,Oui,Non,Oui,COVID-19 | Tétanos | Méningite | DTP | BCG | Rougeole | Fièvre jaune | Hépatite B,Non,Lun–Sam 07h30–19h00
VAC0087,Centre de Santé Maternelle et Infantile de Mvog-Atangana,Yaoundé,Yaoundé II,Mvog-Atangana,3.757182,11.450117,+237 691 369 574,santématernele@yahoo.fr,PMI,Oui,Non,Non,Oui,Oui,Tétanos | Rougeole | COVID-19 | Fièvre jaune | Polio | HPV | BCG | Hépatite B | DTP,Oui,Lun–Ven 08h00–18h00
VAC0088,PMI Saint-Patrick,Douala,Douala IV,Makepe,4.002319,9.648872,+237 679 651 907,patrick@sante.cm,CSI avec vaccination,Oui,Non,Oui,Non,Oui,Méningite | HPV | Rougeole | BCG | DTP | Fièvre jaune | Tétanos,Non,7j/7 — 08h00–20h00
VAC0089,PMI Saint-Thérèse,Douala,Douala I,Deido,4.009838,9.757535,+237 677 024 415,thérèse@sante.cm,CSI avec vaccination,Oui,Non,Oui,Oui,Oui,Méningite | BCG | Polio | Rougeole | HPV | Hépatite B | Fièvre jaune | Tétanos,Oui,Lun–Sam 08h00–17h00
VAC0090,Centre de Vaccination Mbassi,Yaoundé,Yaoundé III,Nkoldongo,3.909216,11.489962,+237 652 748 404,mbassi@yahoo.fr,Centre de vaccination,Oui,Non,Non,Oui,Oui,DTP | Rougeole | COVID-19 | Méningite | BCG,Non,Lun–Sam 07h00–20h00
VAC0091,PMI Saint-Paul,Yaoundé,Yaoundé I,Nkol-Eton,3.848965,11.55723,+237 677 703 033,paul@yahoo.fr,Centre de vaccination,Oui,Non,Oui,Oui,Oui,Fièvre jaune | Tétanos | DTP | Rougeole | Méningite,Non,7j/7 — 08h00–20h00
VAC0092,Centre de Vaccination Providence,Yaoundé,Yaoundé III,Nkomo,3.818262,11.547084,+237 695 276 516,providence@sante.cm,PMI,Oui,Oui,Oui,Non,Oui,DTP | Hépatite B | COVID-19 | Fièvre jaune,Non,Lun–Sam 07h30–19h00
VAC0093,PMI Saint-Jean,Yaoundé,Yaoundé III,Briqueterie,3.866951,11.597883,+237 655 806 996,jean@yahoo.fr,PMI,Oui,Oui,Oui,Oui,Oui,Fièvre jaune | Polio | DTP | BCG | Méningite | Tétanos | Hépatite B | Rougeole | COVID-19,Oui,Lun–Dim 08h00–18h00
VAC0094,Centre de Santé Maternelle et Infantile de Nzeng-Ayong,Douala,Douala II,Nzeng-Ayong,3.985972,9.667198,+237 690 470 862,santématernele@hotmail.com,CSI avec vaccination,Oui,Non,Oui,Oui,Oui,Méningite | Tétanos | HPV | Fièvre jaune | COVID-19 | BCG,Oui,Lun–Sam 07h00–20h00
VAC0095,Centre de Vaccination Fouda,Douala,Douala III,Sodiko,4.003512,9.697874,+237 695 481 313,fouda@sante.cm,CSI avec vaccination,Oui,Oui,Non,Oui,Oui,Rougeole | Hépatite B | Polio | DTP,Non,Lun–Sam 07h00–20h00
VAC0096,Centre de Vaccination de Japoma,Douala,Douala III,PK12,4.007783,9.750066,+237 650 377 377,japoma@hotmail.com,PMI,Oui,Non,Oui,Non,Oui,Polio | COVID-19 | Méningite | BCG | Hépatite B | DTP,Non,Lun–Sam 08h30–18h30
VAC0097,Centre de Santé Maternelle et Infantile de Nkongmondo,Douala,Douala VI,Makepe,4.126692,9.730037,+237 654 508 136,santématernele@sante.cm,PMI,Oui,Non,Oui,Oui,Oui,HPV | Rougeole | DTP | Hépatite B | Méningite | Tétanos | Polio,Non,7j/7 — 08h00–20h00
VAC0098,PMI Saint-Louis,Yaoundé,Yaoundé VII,Nkol-Eton,3.854281,11.603352,+237 650 210 292,louis@gmail.com,CSI avec vaccination,Oui,Oui,Oui,Oui,Oui,Fièvre jaune | Rougeole | Tétanos | HPV | COVID-19,Non,Lun–Ven 07h30–17h30
VAC0099,Centre de Vaccination Manga,Yaoundé,Yaoundé VI,Ekounou,3.932579,11.436605,+237 694 824 137,manga@hotmail.com,PMI,Oui,Non,Oui,Non,Oui,Tétanos | COVID-19 | Hépatite B | Fièvre jaune | Polio | Méningite | Rougeole | DTP,Non,Lun–Sam 07h30–19h00
VAC0100,Centre de Vaccination Owona,Yaoundé,Yaoundé II,Tsinga,3.865293,11.436866,+237 697 791 045,owona@yahoo.fr,Centre de vaccination,Oui,Oui,Oui,Oui,Oui,Fièvre jaune | Polio | Tétanos | Méningite | COVID-19,Non,7j/7 — 08h00–20h00
VAC0101,Centre de Vaccination Ekani,Yaoundé,Yaoundé VI,Carrière,3.887038,11.460387,+237 654 959 092,ekani@gmail.com,CSI avec vaccination,Oui,Oui,Oui,Non,Oui,Rougeole | BCG | DTP | Méningite | Fièvre jaune | Hépatite B | Tétanos | HPV,Non,Lun–Sam 07h00–20h00
VAC0102,PMI de Kotto,Douala,Douala VI,Mboppi,4.105904,9.657875,+237 679 659 276,kotto@hotmail.com,CSI avec vaccination,Oui,Non,Non,Non,Non,Polio | Fièvre jaune | Tétanos | BCG | COVID-19,Oui,Lun–Ven 07h30–17h30
VAC0103,Centre de Vaccination Onana,Yaoundé,Yaoundé V,Melen,3.794842,11.466359,+237 653 054 456,onana@hotmail.com,CSI avec vaccination,Oui,Oui,Non,Oui,Oui,BCG | COVID-19 | Tétanos | HPV | Rougeole | Hépatite B,Non,Lun–Ven 07h30–17h30
VAC0104,Centre de Vaccination de Nkolbisson,Yaoundé,Yaoundé II,Nkolbisson,3.946087,11.497776,+237 233 017 258,nkolbisson@sante.cm,CSI avec vaccination,Oui,Oui,Non,Oui,Oui,Hépatite B | Méningite | Tétanos | COVID-19 | HPV | Polio | BCG,Oui,Lun–Sam 08h30–18h30
VAC0105,Centre de Santé Maternelle et Infantile de Bessengue,Douala,Douala VI,Ndoghem,3.970714,9.707457,+237 233 133 482,santématernele@hotmail.com,CSI avec vaccination,Oui,Oui,Oui,Oui,Oui,Méningite | Hépatite B | DTP | BCG,Oui,Lun–Ven 07h30–17h30
VAC0106,Centre de Santé Maternelle et Infantile de Bonamoussadi,Douala,Douala IV,Bonamoussadi,4.039575,9.679226,+237 698 981 095,santématernele@gmail.com,Centre de vaccination,Oui,Oui,Oui,Oui,Oui,DTP | Fièvre jaune | COVID-19 | Polio,Non,Lun–Dim 08h00–18h00
VAC0107,Centre de Vaccination de Nkol-Eton,Yaoundé,Yaoundé I,Mvog-Mbi,3.903083,11.522483,+237 693 444 487,nkol-eton@sante.cm,PMI,Oui,Oui,Oui,Oui,Oui,Hépatite B | Tétanos | DTP | Méningite | Rougeole | HPV | Polio | COVID-19 | BCG,Non,Lun–Sam 08h00–17h00
VAC0108,Centre de Vaccination de Logbessou,Douala,Douala I,Nzeng-Ayong,4.004052,9.664272,+237 233 700 503,logbessou@gmail.com,CSI avec vaccination,Oui,Oui,Oui,Oui,Oui,Méningite | BCG | HPV | DTP | Polio | Hépatite B | COVID-19 | Tétanos,Non,Lun–Sam 07h00–20h00
VAC0109,PMI Saint-Marc,Douala,Douala V,Koumassi,4.012994,9.66204,+237 651 652 701,marc@hotmail.com,Centre de vaccination,Oui,Non,Oui,Oui,Oui,DTP | COVID-19 | Polio | Méningite | Fièvre jaune | HPV | BCG | Tétanos | Rougeole | Hépatite B,Oui,7j/7 — 08h00–20h00
VAC0110,PMI de Ahala,Yaoundé,Yaoundé II,Ahala,3.847113,11.407825,+237 692 627 674,ahala@yahoo.fr,PMI,Oui,Non,Oui,Non,Oui,HPV | COVID-19 | Rougeole | Tétanos | Hépatite B | DTP | Méningite | BCG | Polio | Fièvre jaune,Non,Lun–Sam 07h00–20h00
VAC0111,Centre de Vaccination Kuitche,Douala,Douala IV,Ndog-Passi III,4.113657,9.729123,+237 654 740 427,kuitche@hotmail.com,PMI,Oui,Oui,Oui,Non,Oui,Méningite | Hépatite B | Tétanos | Rougeole | BCG | DTP | Fièvre jaune | Polio,Non,Lun–Sam 08h00–17h00
VAC0112,Centre de Vaccination de Bonaloka,Douala,Douala I,Ndogbong,3.974135,9.711657,+237 678 993 370,bonaloka@gmail.com,PMI,Oui,Non,Non,Non,Oui,Polio | BCG | DTP | Hépatite B | Rougeole | COVID-19 | Méningite | HPV,Oui,Lun–Sam 08h00–17h00
VAC0113,Centre de Santé Maternelle et Infantile de Nkoabang,Yaoundé,Yaoundé II,Nkoabang,3.842435,11.46787,+237 699 740 301,santématernele@yahoo.fr,Centre de vaccination,Oui,Oui,Oui,Non,Oui,Fièvre jaune | Méningite | BCG | HPV | Rougeole | DTP | Tétanos | Hépatite B | Polio | COVID-19,Oui,7j/7 — 08h00–20h00
VAC0114,Centre de Vaccination Tabi,Yaoundé,Yaoundé II,Elig-Essono,3.830736,11.450915,+237 242 789 569,tabi@yahoo.fr,PMI,Oui,Oui,Oui,Oui,Oui,BCG | Tétanos | Hépatite B | Polio | COVID-19 | Rougeole | Méningite | HPV | Fièvre jaune | DTP,Oui,Lun–Sam 08h00–17h00
VAC0115,PMI de New Bell,Douala,Douala I,Bonaberi,3.992634,9.645468,+237 699 483 821,newbell@yahoo.fr,Centre de vaccination,Oui,Non,Oui,Non,Oui,Fièvre jaune | Polio | Tétanos | COVID-19 | BCG | DTP | Méningite | Rougeole | Hépatite B,Oui,Lun–Sam 08h00–17h00
VAC0116,Centre de Santé Maternelle et Infantile de Ndog-Passi III,Douala,Douala I,Bonaberi,3.967195,9.681004,+237 242 392 426,santématernele@sante.cm,PMI,Oui,Non,Oui,Oui,Oui,DTP | Méningite | Hépatite B | COVID-19 | Fièvre jaune | BCG,Non,Lun–Sam 07h00–20h00
VAC0117,Centre de Santé Maternelle et Infantile de Mboppi,Douala,Douala I,PK17,4.094321,9.728276,+237 690 489 895,santématernele@hotmail.com,PMI,Oui,Oui,Oui,Non,Oui,HPV | COVID-19 | Hépatite B | BCG | Méningite | Polio,Non,Lun–Sam 07h00–20h00
VAC0118,Centre de Vaccination de PK17,Douala,Douala V,PK17,3.97795,9.702786,+237 222 855 772,pk17@sante.cm,PMI,Oui,Non,Oui,Oui,Oui,Fièvre jaune | HPV | Hépatite B | BCG | Méningite | DTP | Polio,Non,Lun–Ven 07h30–17h30
VAC0119,Centre de Vaccination Bikié,Yaoundé,Yaoundé III,Nkomo,3.83083,11.490644,+237 654 961 284,bikié@gmail.com,PMI,Oui,Non,Non,Non,Non,Méningite | DTP | Polio | HPV,Oui,Lun–Dim 08h00–18h00
VAC0120,PMI Saint-Gabriel,Yaoundé,Yaoundé V,Mvog-Ada,3.870454,11.465888,+237 690 762 722,gabriel@hotmail.com,PMI,Oui,Oui,Non,Non,Oui,BCG | Tétanos | Rougeole | Fièvre jaune | Hépatite B | DTP | COVID-19 | Polio | HPV | Méningite,Non,Lun–Sam 07h00–20h00
VAC0121,Centre de Vaccination de Émana,Yaoundé,Yaoundé VI,Émana,3.790047,11.585393,+237 653 554 817,émana@hotmail.com,Centre de vaccination,Oui,Non,Oui,Oui,Oui,HPV | Hépatite B | Méningite | Polio | BCG | COVID-19 | Rougeole,Oui,Lun–Dim 08h00–18h00
VAC0122,Centre de Vaccination de Deido,Douala,Douala VI,Soboum,4.038557,9.765415,+237 650 870 139,deido@hotmail.com,CSI avec vaccination,Oui,Oui,Non,Oui,Oui,Rougeole | HPV | BCG | Fièvre jaune | Tétanos | COVID-19,Non,Lun–Sam 08h30–18h30
VAC0123,PMI de Cité des Palmiers,Douala,Douala II,Cité des Palmiers,4.038543,9.736828,+237 653 494 464,citédespalmier@hotmail.com,CSI avec vaccination,Oui,Oui,Oui,Oui,Oui,DTP | Hépatite B | Tétanos | Polio | Fièvre jaune | Rougeole,Non,Lun–Sam 08h30–18h30
VAC0124,Centre de Santé Maternelle et Infantile de Ndogpassi,Douala,Douala I,Nyalla,4.10539,9.723754,+237 695 419 338,santématernele@yahoo.fr,Centre de vaccination,Oui,Oui,Oui,Non,Oui,Méningite | COVID-19 | Fièvre jaune | Hépatite B | Polio,Non,Lun–Dim 08h00–18h00
VAC0125,PMI de Nyalla,Douala,Douala VI,Logbessou,4.060525,9.750957,+237 222 611 025,nyalla@gmail.com,Centre de vaccination,Oui,Non,Oui,Oui,Non,Polio | DTP | Rougeole | Hépatite B | COVID-19 | Fièvre jaune | Méningite,Non,Lun–Sam 08h30–18h30
VAC0126,Centre de Santé Maternelle et Infantile de Djoungolo,Yaoundé,Yaoundé V,Djoungolo,3.897967,11.5882,+237 652 199 946,santématernele@yahoo.fr,Centre de vaccination,Oui,Oui,Oui,Oui,Oui,Hépatite B | DTP | Polio | BCG,Oui,7j/7 — 08h00–20h00
VAC0127,PMI Saint-Félicité,Yaoundé,Yaoundé V,Djoungolo,3.869941,11.433582,+237 699 944 512,félicité@sante.cm,PMI,Oui,Oui,Non,Non,Oui,Méningite | Fièvre jaune | BCG | Rougeole,Non,Lun–Dim 08h00–18h00
VAC0128,PMI de Odza,Yaoundé,Yaoundé VII,Nkomo,3.888924,11.426404,+237 678 269 573,odza@gmail.com,CSI avec vaccination,Oui,Non,Oui,Non,Oui,Rougeole | Tétanos | Méningite | HPV,Oui,Lun–Dim 08h00–18h00
VAC0129,Centre de Vaccination de Bonaberi,Douala,Douala II,Ndokoti,4.089081,9.690052,+237 691 253 486,bonaberi@sante.cm,Centre de vaccination,Oui,Oui,Oui,Non,Oui,Rougeole | DTP | Méningite | Polio | COVID-19 | Tétanos | BCG | Hépatite B,Non,Lun–Sam 08h00–17h00
VAC0130,Centre de Vaccination Feudjio,Yaoundé,Yaoundé V,Biteng,3.801643,11.589174,+237 654 472 657,feudjio@gmail.com,PMI,Oui,Oui,Oui,Oui,Non,BCG | Hépatite B | DTP | Polio | Tétanos,Oui,Lun–Sam 08h00–17h00
VAC0131,PMI Saint-Thérèse,Yaoundé,Yaoundé VI,Nkoabang,3.811733,11.576462,+237 679 148 648,thérèse@hotmail.com,PMI,Oui,Oui,Oui,Oui,Oui,Méningite | Hépatite B | DTP | Polio,Non,Lun–Ven 07h30–17h30
VAC0132,Centre de Vaccination Moussa,Douala,Douala II,Mbanya,4.092443,9.650336,+237 654 794 082,moussa@yahoo.fr,CSI avec vaccination,Oui,Oui,Oui,Oui,Oui,COVID-19 | Tétanos | Fièvre jaune | Rougeole | Polio | DTP | Méningite,Non,Lun–Dim 08h00–18h00
VAC0133,PMI Saint-François,Yaoundé,Yaoundé II,Elig-Essono,3.839522,11.435911,+237 692 671 682,françois@hotmail.com,PMI,Oui,Oui,Oui,Non,Oui,DTP | HPV | Polio | Fièvre jaune | COVID-19 | Méningite | Tétanos | Rougeole | BCG | Hépatite B,Non,7j/7 — 08h00–20h00
VAC0134,Centre de Vaccination de Nyalla,Douala,Douala V,Nyalla,3.969126,9.713962,+237 233 110 883,nyalla@hotmail.com,PMI,Oui,Non,Non,Oui,Oui,Fièvre jaune | Hépatite B | Polio | COVID-19,Non,Lun–Sam 08h00–17h00
VAC0135,Centre de Santé Maternelle et Infantile de Nlongkak,Yaoundé,Yaoundé V,Nlongkak,3.953092,11.472651,+237 699 628 912,santématernele@sante.cm,PMI,Oui,Oui,Non,Oui,Non,Rougeole | COVID-19 | DTP | Polio | BCG | HPV | Méningite,Non,Lun–Dim 08h00–18h00
VAC0136,Centre de Vaccination de Djoungolo,Yaoundé,Yaoundé VII,Nkomo,3.877545,11.396775,+237 233 207 621,djoungolo@yahoo.fr,CSI avec vaccination,Oui,Oui,Oui,Oui,Oui,BCG | Fièvre jaune | Hépatite B | Tétanos,Oui,Lun–Sam 07h00–20h00
VAC0137,Centre de Santé Maternelle et Infantile de Ahala,Yaoundé,Yaoundé VII,Mvog-Ada,3.769131,11.578468,+237 694 281 956,santématernele@sante.cm,CSI avec vaccination,Oui,Oui,Oui,Non,Oui,COVID-19 | Polio | Fièvre jaune | HPV | DTP | BCG | Hépatite B,Oui,Lun–Sam 07h30–19h00
VAC0138,Centre de Vaccination de Nkol-Afeme,Yaoundé,Yaoundé II,Nkol-Afeme,3.907909,11.591722,+237 651 993 806,nkol-afeme@gmail.com,Centre de vaccination,Oui,Oui,Non,Oui,Oui,BCG | Polio | Tétanos | HPV | COVID-19 | Hépatite B | Fièvre jaune,Non,7j/7 — 08h00–20h00
VAC0139,PMI de Bangue,Douala,Douala V,Mbanya,4.053186,9.685107,+237 678 621 953,bangue@yahoo.fr,Centre de vaccination,Oui,Non,Oui,Oui,Oui,Rougeole | Tétanos | Polio | Méningite | Fièvre jaune | Hépatite B | DTP,Non,Lun–Sam 07h00–20h00
VAC0140,Centre de Santé Maternelle et Infantile de Bonamoussadi,Douala,Douala V,Bonaloka,4.047222,9.740566,+237 698 428 205,santématernele@sante.cm,CSI avec vaccination,Oui,Oui,Oui,Oui,Oui,BCG | Hépatite B | Polio | Rougeole | DTP,Non,Lun–Sam 07h30–19h00
VAC0141,Centre de Vaccination de Kondengui,Yaoundé,Yaoundé II,Omnisports,3.905111,11.408859,+237 692 305 262,kondengui@sante.cm,Centre de vaccination,Oui,Oui,Oui,Non,Oui,Hépatite B | HPV | BCG | DTP | Méningite | Tétanos,Non,Lun–Sam 08h30–18h30
VAC0142,PMI de Boko,Douala,Douala IV,Boko,4.012454,9.729877,+237 690 320 201,boko@sante.cm,Centre de vaccination,Oui,Oui,Oui,Oui,Oui,HPV | DTP | BCG | Fièvre jaune,Oui,Lun–Sam 08h00–17h00
VAC0143,Centre de Vaccination de Bonapriso,Douala,Douala IV,Bonapriso,3.980162,9.731903,+237 242 939 413,bonapriso@yahoo.fr,Centre de vaccination,Oui,Non,Non,Oui,Oui,BCG | COVID-19 | Polio | HPV | Fièvre jaune | Rougeole | Méningite,Oui,Lun–Ven 07h30–17h30
VAC0144,Centre de Santé Maternelle et Infantile de Nyalla,Douala,Douala III,Nyalla,4.000828,9.656977,+237 693 547 750,santématernele@hotmail.com,Centre de vaccination,Oui,Oui,Oui,Oui,Oui,BCG | Méningite | Tétanos | Polio | Hépatite B | HPV | COVID-19 | Rougeole | Fièvre jaune,Non,Lun–Sam 08h30–18h30
VAC0145,Centre de Santé Maternelle et Infantile de Ndog-Bong,Douala,Douala V,Ndogbong,4.054932,9.635186,+237 243 462 108,santématernele@yahoo.fr,PMI,Oui,Non,Non,Non,Oui,COVID-19 | Tétanos | Hépatite B | Fièvre jaune | HPV | DTP | BCG | Méningite,Non,Lun–Ven 08h00–18h00
VAC0146,PMI de Bonamoussadi,Douala,Douala I,Bonamoussadi,4.119975,9.754958,+237 699 534 511,bonamoussadi@hotmail.com,PMI,Oui,Oui,Oui,Oui,Oui,DTP | Méningite | Tétanos | COVID-19 | BCG | Hépatite B,Non,Lun–Sam 08h00–17h00
VAC0147,Centre de Santé Maternelle et Infantile de Ndogbong,Douala,Douala VI,Ndogbong,4.112421,9.687498,+237 690 785 463,santématernele@yahoo.fr,Centre de vaccination,Oui,Oui,Non,Oui,Oui,Rougeole | BCG | COVID-19 | Fièvre jaune | Hépatite B | Polio,Oui,Lun–Ven 07h30–17h30
VAC0148,PMI de Biyem-Assi,Yaoundé,Yaoundé V,Biyem-Assi,3.849027,11.57544,+237 698 691 067,biyem-assi@yahoo.fr,Centre de vaccination,Oui,Non,Oui,Non,Oui,DTP | Hépatite B | HPV | Méningite | Polio | Rougeole | BCG,Non,Lun–Sam 07h00–20h00
VAC0149,Centre de Vaccination Abega,Douala,Douala II,Youpwé,4.039544,9.701315,+237 651 625 564,abega@hotmail.com,CSI avec vaccination,Oui,Oui,Oui,Oui,Oui,Polio | DTP | Hépatite B | Rougeole | Tétanos,Non,Lun–Ven 07h30–17h30
VAC0150,Centre de Santé Maternelle et Infantile de Cité des Palmiers,Douala,Douala III,PK10,4.02915,9.630474,+237 691 637 803,santématernele@sante.cm,Centre de vaccination,Oui,Oui,Non,Oui,Oui,Tétanos | DTP | HPV | Méningite | Polio | COVID-19,Oui,Lun–Sam 08h00–17h00
VAC0151,Centre de Vaccination Essomba,Yaoundé,Yaoundé V,Ngoa-Ekélé,3.887029,11.44972,+237 693 111 731,essomba@hotmail.com,PMI,Oui,Oui,Oui,Non,Oui,Tétanos | COVID-19 | Rougeole | Hépatite B | BCG | Polio,Non,Lun–Sam 08h00–17h00
VAC0152,Centre de Santé Maternelle et Infantile de Carrière,Yaoundé,Yaoundé VII,Carrière,3.932082,11.479879,+237 650 124 227,santématernele@gmail.com,PMI,Oui,Oui,Oui,Oui,Oui,Rougeole | Fièvre jaune | Méningite | Tétanos,Non,Lun–Sam 08h30–18h30
VAC0153,PMI Saint-Damien,Yaoundé,Yaoundé IV,Nkolbisson,3.834105,11.485736,+237 677 390 196,damien@hotmail.com,Centre de vaccination,Oui,Non,Oui,Oui,Oui,Tétanos | HPV | DTP | Rougeole | BCG | Polio,Non,Lun–Sam 08h00–17h00
VAC0154,Centre de Vaccination Elong,Yaoundé,Yaoundé V,Mvog-Mbi,3.788862,11.490249,+237 655 824 772,elong@hotmail.com,CSI avec vaccination,Oui,Oui,Oui,Oui,Non,Polio | Rougeole | BCG | Méningite | Hépatite B | Tétanos,Non,Lun–Sam 08h00–17h00
VAC0155,Centre de Vaccination de Mvog-Ada,Yaoundé,Yaoundé VI,Santa Barbara,3.871634,11.511295,+237 242 020 559,mvog-ada@hotmail.com,Centre de vaccination,Oui,Non,Oui,Non,Oui,Polio | HPV | Hépatite B | COVID-19 | Fièvre jaune | Rougeole,Non,7j/7 — 08h00–20h00
VAC0156,PMI Saint-Pierre,Yaoundé,Yaoundé IV,Melen,3.754581,11.445474,+237 233 062 254,pierre@yahoo.fr,PMI,Oui,Oui,Oui,Oui,Non,Fièvre jaune | Méningite | DTP | COVID-19 | Rougeole | Hépatite B | BCG | Tétanos,Non,Lun–Ven 07h30–17h30
VAC0157,PMI Saint-Joachim,Yaoundé,Yaoundé IV,Mvog-Beti,3.860761,11.578068,+237 695 834 824,joachim@hotmail.com,PMI,Oui,Oui,Oui,Oui,Oui,Rougeole | Hépatite B | Méningite | COVID-19 | Tétanos | HPV | Fièvre jaune | BCG,Oui,Lun–Sam 08h30–18h30
VAC0158,Centre de Santé Maternelle et Infantile de Biyem-Assi,Yaoundé,Yaoundé IV,Biyem-Assi,3.766012,11.471549,+237 696 981 851,santématernele@sante.cm,PMI,Oui,Oui,Oui,Oui,Oui,Hépatite B | DTP | HPV | Méningite | Fièvre jaune | Polio | Tétanos,Oui,Lun–Ven 08h00–18h00
VAC0159,Centre de Vaccination Vie,Yaoundé,Yaoundé V,Messa,3.889337,11.515753,+237 233 339 915,vie@hotmail.com,PMI,Oui,Non,Oui,Oui,Non,HPV | Fièvre jaune | BCG | DTP | Hépatite B | COVID-19,Non,Lun–Ven 07h30–17h30
VAC0160,Centre de Santé Maternelle et Infantile de Makepe,Douala,Douala II,Makepe,4.042128,9.720186,+237 677 184 115,santématernele@sante.cm,PMI,Oui,Oui,Oui,Oui,Oui,BCG | HPV | Polio | Fièvre jaune | COVID-19 | Hépatite B | Tétanos | DTP | Rougeole | Méningite,Non,Lun–Ven 08h00–18h00
VAC0161,Centre de Santé Maternelle et Infantile de Mimboman,Yaoundé,Yaoundé I,Émana,3.930642,11.491843,+237 652 765 156,santématernele@sante.cm,PMI,Oui,Non,Oui,Oui,Oui,Méningite | DTP | BCG | Hépatite B | Fièvre jaune,Non,Lun–Sam 07h30–19h00
VAC0162,PMI de Mboppi,Douala,Douala II,Ndog-Bong,4.011922,9.675791,+237 699 976 570,mboppi@hotmail.com,CSI avec vaccination,Oui,Oui,Oui,Oui,Non,Fièvre jaune | Hépatite B | Polio | BCG | Tétanos | COVID-19 | DTP,Oui,Lun–Dim 08h00–18h00
VAC0163,Centre de Vaccination Confiance,Yaoundé,Yaoundé IV,Nlongkak,3.813044,11.427783,+237 654 187 747,confiance@hotmail.com,PMI,Oui,Non,Oui,Non,Oui,COVID-19 | DTP | Hépatite B | Fièvre jaune | Rougeole | HPV,Non,Lun–Sam 08h30–18h30
VAC0164,Centre de Santé Maternelle et Infantile de Bassa,Douala,Douala IV,New Bell,4.033786,9.683055,+237 677 447 474,santématernele@sante.cm,Centre de vaccination,Oui,Oui,Non,Oui,Oui,Rougeole | Méningite | Tétanos | Fièvre jaune | BCG | Polio,Non,Lun–Sam 07h00–20h00
VAC0165,Centre de Santé Maternelle et Infantile de PK10,Douala,Douala IV,Logbessou,3.981624,9.693775,+237 654 898 433,santématernele@hotmail.com,PMI,Oui,Non,Oui,Oui,Oui,Hépatite B | HPV | Polio | Fièvre jaune,Non,Lun–Sam 07h30–19h00
VAC0166,Centre de Santé Maternelle et Infantile de Mvan,Yaoundé,Yaoundé IV,Étoa-Meki,3.919923,11.523194,+237 695 855 004,santématernele@yahoo.fr,CSI avec vaccination,Oui,Non,Non,Oui,Oui,Polio | Rougeole | DTP | Méningite | Tétanos | BCG | HPV,Oui,Lun–Sam 08h00–17h00
VAC0167,Centre de Vaccination Harmonie,Yaoundé,Yaoundé IV,Nkol-Afeme,3.937875,11.482652,+237 679 804 456,harmonie@hotmail.com,PMI,Oui,Oui,Oui,Non,Non,Fièvre jaune | HPV | Polio | Hépatite B,Non,Lun–Ven 07h30–17h30
VAC0168,Centre de Vaccination Kuitche,Yaoundé,Yaoundé III,Biyem-Assi,3.80019,11.483535,+237 694 548 431,kuitche@sante.cm,PMI,Oui,Oui,Oui,Oui,Non,HPV | Méningite | Tétanos | BCG,Non,Lun–Ven 08h00–18h00
VAC0169,Centre de Vaccination de Bessengue,Douala,Douala V,Kotto,4.106274,9.70801,+237 243 972 971,bessengue@sante.cm,Centre de vaccination,Oui,Oui,Oui,Oui,Oui,Rougeole | Fièvre jaune | HPV | Méningite | BCG,Non,Lun–Sam 08h00–17h00
VAC0170,Centre de Vaccination Secours,Yaoundé,Yaoundé V,Mvan,3.837489,11.586125,+237 677 456 647,secours@yahoo.fr,Centre de vaccination,Oui,Oui,Non,Oui,Non,Tétanos | Méningite | DTP | Hépatite B,Oui,Lun–Dim 08h00–18h00
VAC0171,PMI Saint-Élisabeth,Yaoundé,Yaoundé VI,Simbock,3.840544,11.440566,+237 697 967 584,élisabeth@sante.cm,PMI,Oui,Non,Oui,Oui,Oui,Hépatite B | Méningite | Tétanos | DTP | Fièvre jaune | COVID-19 | Rougeole | Polio | BCG | HPV,Non,Lun–Sam 08h30–18h30
VAC0172,PMI de Bali,Douala,Douala III,Koumassi,4.056006,9.640922,+237 222 095 104,bali@hotmail.com,CSI avec vaccination,Oui,Oui,Non,Non,Oui,Rougeole | Fièvre jaune | DTP | Polio | BCG,Oui,7j/7 — 08h00–20h00
VAC0173,PMI de Ndogpassi,Douala,Douala V,Bali,3.985717,9.764521,+237 651 243 910,ndogpassi@sante.cm,Centre de vaccination,Oui,Oui,Non,Non,Oui,BCG | Polio | Hépatite B | HPV | Méningite | Rougeole | Tétanos | DTP | COVID-19,Oui,Lun–Sam 07h00–20h00
VAC0174,PMI Saint-Monique,Douala,Douala III,Makepe,4.109059,9.758431,+237 651 992 929,monique@yahoo.fr,PMI,Oui,Oui,Oui,Oui,Oui,DTP | COVID-19 | Méningite | BCG | Polio | Tétanos | Rougeole,Non,7j/7 — 08h00–20h00
VAC0175,PMI de Nkongmondo,Douala,Douala VI,Bessengue,3.974354,9.685339,+237 655 619 581,nkongmondo@sante.cm,Centre de vaccination,Oui,Oui,Oui,Non,Oui,Polio | Hépatite B | Rougeole | BCG | COVID-19 | Méningite | DTP | Fièvre jaune,Oui,Lun–Sam 07h00–20h00
VAC0176,PMI de Djoungolo,Yaoundé,Yaoundé VI,Tsinga,3.884156,11.465323,+237 655 244 619,djoungolo@sante.cm,PMI,Oui,Oui,Oui,Oui,Oui,Polio | Rougeole | Hépatite B | DTP | HPV | Méningite,Non,Lun–Sam 07h00–20h00
VAC0177,Centre de Santé Maternelle et Infantile de Santa Barbara,Yaoundé,Yaoundé II,Santa Barbara,3.905081,11.499942,+237 651 269 340,santématernele@yahoo.fr,Centre de vaccination,Oui,Non,Non,Oui,Oui,Fièvre jaune | BCG | Polio | Tétanos,Non,Lun–Ven 08h00–18h00
VAC0178,Centre de Santé Maternelle et Infantile de Mokolo,Yaoundé,Yaoundé VI,Ahala,3.808322,11.603388,+237 677 552 812,santématernele@hotmail.com,Centre de vaccination,Oui,Oui,Oui,Oui,Oui,Méningite | Rougeole | Fièvre jaune | DTP | Polio | Hépatite B | Tétanos | HPV,Oui,7j/7 — 08h00–20h00
VAC0179,PMI de Bessengue,Douala,Douala VI,Nyalla,4.036097,9.680493,+237 651 366 597,bessengue@gmail.com,Centre de vaccination,Oui,Oui,Oui,Oui,Non,Tétanos | Rougeole | Polio | Fièvre jaune | Méningite,Non,Lun–Sam 07h00–20h00
VAC0180,Centre de Vaccination Bello,Yaoundé,Yaoundé IV,Biyem-Assi,3.758789,11.447129,+237 691 983 227,bello@gmail.com,CSI avec vaccination,Oui,Non,Non,Oui,Oui,Fièvre jaune | Méningite | HPV | Rougeole | BCG | DTP,Non,Lun–Sam 08h00–17h00
VAC0181,Centre de Vaccination Nkoa,Yaoundé,Yaoundé VI,Mvog-Mbi,3.78499,11.497007,+237 654 113 086,nkoa@yahoo.fr,CSI avec vaccination,Oui,Oui,Oui,Oui,Oui,Tétanos | DTP | Polio | Hépatite B | COVID-19,Non,7j/7 — 08h00–20h00
VAC0182,Centre de Santé Maternelle et Infantile de PK8,Douala,Douala I,Youpwé,4.02181,9.725815,+237 651 697 504,santématernele@gmail.com,CSI avec vaccination,Oui,Oui,Oui,Oui,Oui,Hépatite B | HPV | Tétanos | Rougeole,Non,Lun–Ven 07h30–17h30
VAC0183,Centre de Santé Maternelle et Infantile de Mbanya,Douala,Douala II,Bonamoussadi,4.087437,9.670211,+237 679 978 481,santématernele@hotmail.com,CSI avec vaccination,Oui,Non,Oui,Non,Oui,Méningite | Rougeole | Hépatite B | Tétanos | DTP | COVID-19 | BCG | Fièvre jaune | Polio | HPV,Non,7j/7 — 08h00–20h00
VAC0184,Centre de Vaccination Tabi,Yaoundé,Yaoundé V,Mokolo,3.8198,11.594069,+237 654 126 517,tabi@yahoo.fr,PMI,Oui,Non,Oui,Non,Non,Tétanos | HPV | DTP | Polio | COVID-19 | Méningite | Hépatite B | Fièvre jaune | BCG | Rougeole,Non,Lun–Ven 07h30–17h30
VAC0185,Centre de Vaccination de Mvan,Yaoundé,Yaoundé VII,Mvan,3.882668,11.575723,+237 697 826 940,mvan@yahoo.fr,PMI,Oui,Oui,Oui,Non,Oui,HPV | Méningite | DTP | Tétanos,Non,Lun–Ven 07h30–17h30
VAC0186,Centre de Vaccination Manga,Douala,Douala III,Ndogpassi,4.012983,9.753148,+237 692 842 615,manga@hotmail.com,PMI,Oui,Oui,Non,Oui,Oui,COVID-19 | DTP | Méningite | Polio | HPV | Fièvre jaune,Non,Lun–Ven 08h00–18h00
VAC0187,PMI Saint-Marc,Yaoundé,Yaoundé III,Madagascar,3.933489,11.47218,+237 243 091 982,marc@gmail.com,PMI,Oui,Oui,Oui,Oui,Oui,BCG | Fièvre jaune | Tétanos | Méningite | Hépatite B | HPV | COVID-19,Oui,Lun–Ven 07h30–17h30
VAC0188,Centre de Santé Maternelle et Infantile de Essos,Yaoundé,Yaoundé III,Madagascar,3.843261,11.529308,+237 695 304 361,santématernele@gmail.com,CSI avec vaccination,Oui,Non,Non,Oui,Oui,Méningite | COVID-19 | Tétanos | Rougeole,Non,Lun–Dim 08h00–18h00
VAC0189,Centre de Vaccination de Kondengui,Yaoundé,Yaoundé VI,Mvog-Beti,3.867793,11.481011,+237 655 671 378,kondengui@sante.cm,CSI avec vaccination,Oui,Oui,Non,Oui,Oui,HPV | DTP | Rougeole | BCG | Polio | Fièvre jaune | Tétanos | Hépatite B | Méningite | COVID-19,Non,Lun–Sam 07h30–19h00
VAC0190,PMI de Madagascar,Yaoundé,Yaoundé IV,Nkol-Afeme,3.79342,11.522663,+237 243 772 162,madagascar@hotmail.com,Centre de vaccination,Oui,Oui,Oui,Oui,Oui,HPV | Hépatite B | DTP | BCG | COVID-19,Non,Lun–Ven 08h00–18h00
VAC0191,Centre de Vaccination Bien-être,Yaoundé,Yaoundé I,Odza,3.913403,11.508101,+237 699 201 352,bien-être@yahoo.fr,Centre de vaccination,Oui,Oui,Oui,Oui,Non,Fièvre jaune | COVID-19 | HPV | Polio | Tétanos | Hépatite B | DTP | BCG,Non,Lun–Ven 07h30–17h30
VAC0192,Centre de Vaccination de Ekounou,Yaoundé,Yaoundé V,Madagascar,3.754897,11.501811,+237 242 235 268,ekounou@gmail.com,CSI avec vaccination,Oui,Oui,Oui,Oui,Oui,Tétanos | DTP | Polio | Méningite | Rougeole | Hépatite B | BCG | HPV | Fièvre jaune,Non,Lun–Ven 07h30–17h30
VAC0193,Centre de Vaccination Ondoa,Yaoundé,Yaoundé IV,Santa Barbara,3.865484,11.488693,+237 695 608 555,ondoa@gmail.com,Centre de vaccination,Oui,Oui,Oui,Oui,Oui,Méningite | COVID-19 | Tétanos | Fièvre jaune | Hépatite B | HPV | DTP | BCG | Rougeole,Oui,Lun–Sam 08h30–18h30
VAC0194,Centre de Vaccination de Briqueterie,Yaoundé,Yaoundé V,Carrière,3.795293,11.409532,+237 233 018 074,briqueterie@hotmail.com,Centre de vaccination,Oui,Oui,Oui,Oui,Oui,BCG | Tétanos | Rougeole | DTP | Fièvre jaune | Polio,Non,Lun–Ven 07h30–17h30
VAC0195,Centre de Vaccination Biyiti,Yaoundé,Yaoundé V,Ahala,3.839417,11.405936,+237 698 418 933,biyiti@hotmail.com,PMI,Oui,Non,Oui,Oui,Oui,Hépatite B | HPV | Tétanos | COVID-19 | Fièvre jaune | DTP | Méningite | Rougeole,Non,7j/7 — 08h00–20h00
VAC0196,PMI Saint-Bruno,Yaoundé,Yaoundé IV,Nsam,3.863505,11.400116,+237 698 653 382,bruno@sante.cm,PMI,Oui,Oui,Oui,Oui,Oui,COVID-19 | Fièvre jaune | DTP | BCG | Tétanos | Polio | Hépatite B | Rougeole | Méningite | HPV,Oui,Lun–Sam 08h30–18h30
VAC0197,PMI de Mimboman,Yaoundé,Yaoundé V,Mimboman,3.913398,11.548201,+237 654 923 532,mimboman@gmail.com,Centre de vaccination,Oui,Non,Oui,Oui,Oui,BCG | Méningite | Fièvre jaune | DTP | Hépatite B | Tétanos | Polio | COVID-19,Non,Lun–Ven 07h30–17h30
VAC0198,Centre de Santé Maternelle et Infantile de Santa Barbara,Yaoundé,Yaoundé I,Simbock,3.851411,11.524018,+237 694 770 562,santématernele@yahoo.fr,CSI avec vaccination,Oui,Non,Oui,Oui,Oui,BCG | COVID-19 | Tétanos | Polio,Oui,Lun–Sam 07h30–19h00
VAC0199,Centre de Santé Maternelle et Infantile de Koumassi,Douala,Douala III,Koumassi,4.083142,9.71558,+237 691 158 215,santématernele@hotmail.com,Centre de vaccination,Oui,Oui,Non,Oui,Non,Hépatite B | BCG | Polio | DTP | Tétanos | Fièvre jaune | HPV | Rougeole,Non,Lun–Dim 08h00–18h00
VAC0200,Centre de Santé Maternelle et Infantile de Bonanjo,Douala,Douala V,Bonanjo,4.123349,9.694664,+237 698 752 364,santématernele@yahoo.fr,CSI avec vaccination,Oui,Oui,Oui,Oui,Oui,Polio | Hépatite B | BCG | Méningite | DTP | HPV,Oui,Lun–Sam 07h30–19h00
VAC0201,Centre de Vaccination de Bali,Douala,Douala I,Soboum,4.121874,9.694017,+237 653 133 502,bali@sante.cm,CSI avec vaccination,Oui,Non,Oui,Oui,Oui,Rougeole | HPV | Tétanos | Fièvre jaune,Oui,Lun–Sam 08h00–17h00
VAC0202,PMI de Mokolo,Yaoundé,Yaoundé VII,Émana,3.875692,11.587104,+237 677 894 482,mokolo@hotmail.com,PMI,Oui,Oui,Oui,Oui,Oui,HPV | Rougeole | Hépatite B | Polio,Oui,Lun–Sam 07h30–19h00
VAC0203,Centre de Vaccination Progrès,Douala,Douala V,Bessengue,4.102659,9.752613,+237 677 622 235,progrès@sante.cm,Centre de vaccination,Oui,Oui,Oui,Oui,Oui,Hépatite B | Méningite | HPV | COVID-19,Non,Lun–Sam 08h30–18h30
VAC0204,Centre de Vaccination Zang,Yaoundé,Yaoundé II,Melen,3.876743,11.473462,+237 691 959 061,zang@sante.cm,CSI avec vaccination,Oui,Oui,Oui,Oui,Oui,DTP | Polio | Tétanos | Hépatite B | Méningite | Rougeole,Oui,Lun–Ven 08h00–18h00
VAC0205,Centre de Vaccination Grâce,Yaoundé,Yaoundé IV,Madagascar,3.777522,11.561706,+237 690 721 805,grâce@hotmail.com,CSI avec vaccination,Oui,Oui,Non,Oui,Non,Fièvre jaune | Rougeole | BCG | Hépatite B | HPV | Polio,Non,Lun–Dim 08h00–18h00
VAC0206,Centre de Santé Maternelle et Infantile de Akwa,Douala,Douala I,Bonapriso,4.03353,9.778515,+237 654 016 488,santématernele@gmail.com,CSI avec vaccination,Oui,Oui,Oui,Oui,Oui,Rougeole | Tétanos | HPV | BCG,Non,Lun–Ven 07h30–17h30
VAC0207,Centre de Vaccination Moussa,Yaoundé,Yaoundé III,Efoulan,3.872603,11.537343,+237 651 016 166,moussa@gmail.com,PMI,Oui,Non,Oui,Oui,Oui,Méningite | Polio | Tétanos | Fièvre jaune | COVID-19 | Hépatite B | Rougeole,Non,Lun–Dim 08h00–18h00
VAC0208,Centre de Vaccination Bello,Douala,Douala IV,PK14,4.035299,9.703456,+237 697 809 040,bello@yahoo.fr,PMI,Oui,Oui,Oui,Oui,Oui,COVID-19 | Rougeole | Polio | DTP | HPV | Tétanos | BCG | Fièvre jaune | Méningite,Non,7j/7 — 08h00–20h00
VAC0209,Centre de Vaccination de Nsam,Yaoundé,Yaoundé I,Nsam,3.812939,11.599984,+237 652 894 080,nsam@sante.cm,PMI,Oui,Oui,Oui,Oui,Oui,COVID-19 | Fièvre jaune | Hépatite B | HPV | Méningite | Rougeole,Non,Lun–Sam 08h00–17h00
VAC0210,PMI Saint-Claire,Douala,Douala IV,PK17,4.092581,9.708541,+237 678 344 527,claire@hotmail.com,CSI avec vaccination,Oui,Non,Oui,Oui,Oui,HPV | Polio | Rougeole | Fièvre jaune | Méningite,Non,Lun–Sam 07h30–19h00
VAC0211,PMI de Ndokoti,Douala,Douala IV,Koumassi,4.044833,9.737666,+237 693 450 025,ndokoti@yahoo.fr,PMI,Oui,Oui,Oui,Oui,Oui,Tétanos | COVID-19 | HPV | Hépatite B | DTP | Polio | Méningite,Non,Lun–Sam 08h30–18h30
VAC0212,PMI de Nkoldongo,Yaoundé,Yaoundé I,Nkoldongo,3.80531,11.548374,+237 242 954 403,nkoldongo@yahoo.fr,CSI avec vaccination,Oui,Oui,Oui,Oui,Oui,Tétanos | BCG | Rougeole | Hépatite B | Fièvre jaune | Polio,Non,Lun–Sam 07h00–20h00
VAC0213,PMI de Santa Barbara,Yaoundé,Yaoundé V,Santa Barbara,3.913306,11.504238,+237 652 203 014,santabarbara@yahoo.fr,Centre de vaccination,Oui,Oui,Non,Oui,Oui,Fièvre jaune | BCG | HPV | Rougeole | Hépatite B | Tétanos | Méningite | Polio,Non,Lun–Sam 07h00–20h00
VAC0214,Centre de Vaccination de Mvog-Atangana,Yaoundé,Yaoundé VII,Nkol-Afeme,3.925553,11.517109,+237 695 901 068,mvog-atangana@yahoo.fr,Centre de vaccination,Oui,Non,Oui,Non,Non,Fièvre jaune | Hépatite B | DTP | Méningite | COVID-19 | Rougeole,Oui,Lun–Sam 07h00–20h00
VAC0215,PMI de Akwa,Douala,Douala I,Akwa,4.111459,9.728769,+237 693 254 354,akwa@yahoo.fr,PMI,Oui,Oui,Oui,Oui,Oui,COVID-19 | Méningite | Tétanos | BCG | Hépatite B,Non,Lun–Ven 07h30–17h30
VAC0216,Centre de Vaccination de Mbanya,Douala,Douala II,Logbessou,4.106876,9.778812,+237 655 588 460,mbanya@sante.cm,CSI avec vaccination,Oui,Non,Oui,Non,Oui,BCG | Fièvre jaune | Polio | Méningite | HPV,Non,7j/7 — 08h00–20h00
VAC0217,Centre de Santé Maternelle et Infantile de Bonapriso,Douala,Douala V,Bangue,3.978239,9.657335,+237 651 015 324,santématernele@gmail.com,CSI avec vaccination,Oui,Oui,Oui,Non,Oui,DTP | Tétanos | HPV | Méningite | BCG | Rougeole,Oui,Lun–Ven 08h00–18h00
VAC0218,PMI de Émana,Yaoundé,Yaoundé III,Mvan,3.952585,11.516684,+237 654 225 457,émana@gmail.com,Centre de vaccination,Oui,Oui,Non,Oui,Oui,COVID-19 | DTP | Hépatite B | Fièvre jaune | HPV | Tétanos | Rougeole | Méningite | BCG | Polio,Oui,Lun–Ven 08h00–18h00
VAC0219,Centre de Santé Maternelle et Infantile de Ndogpassi,Douala,Douala II,Nyalla,4.037035,9.726819,+237 243 554 887,santématernele@yahoo.fr,PMI,Oui,Oui,Non,Oui,Non,Rougeole | Méningite | BCG | Hépatite B,Non,Lun–Sam 08h30–18h30
VAC0220,Centre de Santé Maternelle et Infantile de Ngoa-Ekélé,Yaoundé,Yaoundé II,Melen,3.876678,11.58411,+237 233 932 712,santématernele@gmail.com,CSI avec vaccination,Oui,Oui,Oui,Oui,Oui,BCG | Tétanos | Polio | Méningite | HPV | DTP | COVID-19 | Rougeole,Oui,Lun–Dim 08h00–18h00
VAC0221,Centre de Vaccination Ndjock,Yaoundé,Yaoundé V,Nsam,3.926713,11.444991,+237 692 878 204,ndjock@yahoo.fr,PMI,Oui,Oui,Oui,Oui,Oui,Polio | Tétanos | COVID-19 | HPV | Fièvre jaune | DTP | Rougeole | Hépatite B | Méningite | BCG,Oui,Lun–Ven 07h30–17h30
VAC0222,PMI de Japoma,Douala,Douala V,Bonaberi,4.063839,9.789944,+237 698 980 106,japoma@yahoo.fr,PMI,Oui,Oui,Non,Non,Oui,Fièvre jaune | Tétanos | Méningite | Polio | DTP,Non,Lun–Sam 07h30–19h00
VAC0223,PMI Saint-Augustin,Douala,Douala II,Nzeng-Ayong,4.049702,9.762708,+237 699 746 227,augustin@sante.cm,CSI avec vaccination,Oui,Non,Oui,Oui,Oui,Rougeole | Méningite | DTP | Hépatite B | BCG | Tétanos | Fièvre jaune | HPV | Polio,Non,Lun–Sam 07h00–20h00
VAC0224,Centre de Vaccination de Bepanda,Douala,Douala II,Bepanda,4.092538,9.70017,+237 677 294 120,bepanda@hotmail.com,CSI avec vaccination,Oui,Non,Oui,Non,Oui,Tétanos | Fièvre jaune | DTP | Rougeole | HPV | BCG | Méningite | COVID-19 | Hépatite B | Polio,Non,Lun–Ven 07h30–17h30
VAC0225,Centre de Vaccination de Bessengue,Douala,Douala VI,Bessengue,4.0067,9.752363,+237 650 537 832,bessengue@hotmail.com,PMI,Oui,Non,Oui,Oui,Non,Hépatite B | Tétanos | Fièvre jaune | HPV | Rougeole | DTP | Méningite | Polio | COVID-19 | BCG,Non,Lun–Ven 07h30–17h30
VAC0226,Centre de Vaccination de Sodiko,Douala,Douala IV,Nyalla,4.11395,9.654521,+237 243 347 793,sodiko@yahoo.fr,Centre de vaccination,Oui,Oui,Non,Non,Non,Méningite | Hépatite B | Fièvre jaune | Polio | Tétanos | COVID-19 | Rougeole | BCG | DTP | HPV,Oui,Lun–Sam 08h30–18h30
VAC0227,Centre de Santé Maternelle et Infantile de Logbessou,Douala,Douala V,Logbessou,4.059419,9.633859,+237 242 490 602,santématernele@sante.cm,PMI,Oui,Oui,Oui,Oui,Oui,Hépatite B | BCG | Tétanos | Polio | Rougeole | Fièvre jaune | DTP | HPV | COVID-19 | Méningite,Oui,Lun–Ven 08h00–18h00
VAC0228,PMI de Messa,Yaoundé,Yaoundé IV,Cité Verte,3.833733,11.560394,+237 677 725 079,messa@hotmail.com,Centre de vaccination,Oui,Oui,Oui,Non,Oui,HPV | DTP | Méningite | COVID-19 | Fièvre jaune | Hépatite B | Tétanos | BCG | Polio,Non,Lun–Ven 08h00–18h00
VAC0229,PMI de PK17,Douala,Douala III,Ndokoti,4.119939,9.666281,+237 651 633 813,pk17@sante.cm,PMI,Oui,Oui,Oui,Non,Oui,Hépatite B | Rougeole | Polio | Méningite,Oui,7j/7 — 08h00–20h00
VAC0230,Centre de Santé Maternelle et Infantile de Deido,Douala,Douala IV,Deido,4.132072,9.742064,+237 677 429 787,santématernele@hotmail.com,PMI,Oui,Oui,Oui,Non,Oui,Rougeole | Fièvre jaune | BCG | COVID-19 | Tétanos | Méningite | DTP | Polio,Non,7j/7 — 08h00–20h00
VAC0231,Centre de Vaccination Mbarga,Yaoundé,Yaoundé VII,Nsam,3.780083,11.53789,+237 693 794 289,mbarga@hotmail.com,PMI,Oui,Oui,Oui,Non,Oui,BCG | COVID-19 | Fièvre jaune | Polio,Non,Lun–Sam 07h00–20h00
VAC0232,PMI de Ekounou,Yaoundé,Yaoundé VII,Ekounou,3.781873,11.493276,+237 654 892 880,ekounou@yahoo.fr,PMI,Oui,Non,Oui,Oui,Oui,Hépatite B | Polio | HPV | COVID-19 | Rougeole | Méningite | DTP | Fièvre jaune | Tétanos,Non,Lun–Ven 08h00–18h00
VAC0233,PMI de Bonapriso,Douala,Douala VI,Deido,4.046656,9.76432,+237 696 381 141,bonapriso@yahoo.fr,PMI,Oui,Oui,Oui,Oui,Non,Hépatite B | Polio | Tétanos | DTP | Méningite | Rougeole | Fièvre jaune | BCG,Non,Lun–Sam 08h30–18h30
VAC0234,Centre de Vaccination de Nlongkak,Yaoundé,Yaoundé III,Nlongkak,3.789727,11.550308,+237 692 942 329,nlongkak@yahoo.fr,Centre de vaccination,Oui,Oui,Oui,Oui,Oui,BCG | HPV | Hépatite B | Rougeole | COVID-19 | Fièvre jaune | Méningite,Non,Lun–Dim 08h00–18h00
VAC0235,Centre de Santé Maternelle et Infantile de Cité Verte,Yaoundé,Yaoundé VII,Obili,3.75523,11.529027,+237 699 080 360,santématernele@gmail.com,Centre de vaccination,Oui,Non,Non,Non,Oui,COVID-19 | Fièvre jaune | Rougeole | BCG | Tétanos | Polio | HPV | Hépatite B | Méningite | DTP,Non,7j/7 — 08h00–20h00
VAC0236,Centre de Vaccination Espoir,Yaoundé,Yaoundé II,Nlongkak,3.828141,11.475761,+237 678 851 265,espoir@gmail.com,PMI,Oui,Oui,Oui,Oui,Oui,Fièvre jaune | Polio | Hépatite B | COVID-19 | BCG,Non,Lun–Ven 07h30–17h30
VAC0237,Centre de Vaccination de Boko,Douala,Douala V,PK12,4.097167,9.648201,+237 693 322 129,boko@yahoo.fr,Centre de vaccination,Oui,Oui,Oui,Oui,Oui,HPV | Rougeole | Méningite | COVID-19 | Fièvre jaune | Hépatite B | DTP | BCG | Polio,Oui,Lun–Sam 08h00–17h00
VAC0238,PMI de Nsam,Yaoundé,Yaoundé VII,Biyem-Assi,3.834367,11.42214,+237 677 671 668,nsam@hotmail.com,PMI,Oui,Non,Oui,Non,Oui,Rougeole | HPV | DTP | COVID-19 | Polio,Non,Lun–Sam 07h00–20h00
VAC0239,PMI Saint-André,Douala,Douala VI,Ndogpassi,4.060149,9.647675,+237 242 374 270,andré@gmail.com,Centre de vaccination,Oui,Oui,Oui,Oui,Oui,Méningite | DTP | Polio | Fièvre jaune,Oui,7j/7 — 08h00–20h00
VAC0240,Centre de Vaccination Lumière,Yaoundé,Yaoundé III,Odza,3.808964,11.557234,+237 222 429 783,lumière@gmail.com,CSI avec vaccination,Oui,Oui,Oui,Oui,Oui,COVID-19 | Hépatite B | HPV | Polio | Rougeole | DTP | Méningite | Fièvre jaune,Oui,Lun–Ven 08h00–18h00
VAC0241,PMI de Mvog-Mbi,Yaoundé,Yaoundé III,Mvog-Mbi,3.756375,11.486238,+237 654 973 297,mvog-mbi@gmail.com,Centre de vaccination,Oui,Oui,Oui,Non,Oui,Tétanos | Rougeole | Polio | Fièvre jaune | DTP,Oui,Lun–Sam 08h00–17h00
VAC0242,Centre de Vaccination de Makepe,Douala,Douala V,Ndog-Passi III,4.081829,9.632384,+237 677 405 100,makepe@yahoo.fr,PMI,Oui,Non,Oui,Oui,Oui,COVID-19 | Fièvre jaune | Tétanos | Méningite | BCG | Rougeole | Hépatite B,Non,Lun–Dim 08h00–18h00
VAC0243,PMI de Efoulan,Yaoundé,Yaoundé VI,Efoulan,3.910624,11.515087,+237 691 001 011,efoulan@gmail.com,CSI avec vaccination,Oui,Non,Oui,Oui,Oui,COVID-19 | DTP | Fièvre jaune | HPV | Hépatite B | Tétanos,Oui,Lun–Sam 08h30–18h30
VAC0244,Centre de Santé Maternelle et Infantile de Émana,Yaoundé,Yaoundé IV,Émana,3.787433,11.505973,+237 696 520 036,santématernele@sante.cm,Centre de vaccination,Oui,Non,Oui,Oui,Oui,COVID-19 | BCG | Hépatite B | Tétanos | HPV | Méningite | Fièvre jaune,Non,7j/7 — 08h00–20h00
VAC0245,PMI de Briqueterie,Yaoundé,Yaoundé IV,Briqueterie,3.939534,11.55638,+237 652 229 074,briqueterie@gmail.com,Centre de vaccination,Oui,Oui,Oui,Oui,Oui,Hépatite B | BCG | HPV | Rougeole | COVID-19 | DTP | Tétanos | Polio,Non,Lun–Sam 07h00–20h00
VAC0246,Centre de Santé Maternelle et Infantile de Sodiko,Douala,Douala III,Sodiko,4.138745,9.71689,+237 694 039 398,santématernele@hotmail.com,CSI avec vaccination,Oui,Oui,Oui,Non,Oui,HPV | DTP | COVID-19 | Tétanos | BCG | Rougeole | Méningite,Non,Lun–Ven 07h30–17h30
VAC0247,PMI de Bonaberi,Douala,Douala IV,Village,4.020003,9.650852,+237 694 131 991,bonaberi@gmail.com,PMI,Oui,Oui,Oui,Oui,Oui,Rougeole | Polio | DTP | BCG | COVID-19 | Hépatite B | Méningite,Non,Lun–Sam 07h00–20h00
VAC0248,Centre de Vaccination Fotso,Yaoundé,Yaoundé V,Ngousso,3.85636,11.529463,+237 652 257 044,fotso@yahoo.fr,PMI,Oui,Non,Non,Non,Oui,COVID-19 | Méningite | Polio | BCG | Fièvre jaune | Hépatite B | DTP | Tétanos,Non,7j/7 — 08h00–20h00
VAC0249,Centre de Vaccination Nguele,Yaoundé,Yaoundé I,Nkoabang,3.935305,11.474326,+237 242 985 860,nguele@hotmail.com,PMI,Oui,Oui,Non,Oui,Oui,HPV | DTP | Méningite | BCG | Rougeole | COVID-19 | Hépatite B | Polio | Tétanos,Non,Lun–Ven 08h00–18h00
VAC0250,Centre de Vaccination de Olembe,Yaoundé,Yaoundé VII,Mvog-Beti,3.816096,11.602537,+237 222 374 455,olembe@hotmail.com,PMI,Oui,Non,Non,Oui,Oui,DTP | Méningite | Rougeole | Tétanos | HPV | Polio | Hépatite B,Non,Lun–Ven 07h30–17h30
VAC0251,PMI de Village,Douala,Douala I,Village,4.0127,9.698374,+237 678 308 749,village@gmail.com,Centre de vaccination,Oui,Non,Non,Oui,Oui,Méningite | Rougeole | HPV | Tétanos | Hépatite B | BCG | Polio | DTP,Non,Lun–Sam 08h30–18h30
VAC0252,Centre de Santé Maternelle et Infantile de PK12,Douala,Douala II,Bonanjo,3.968035,9.680828,+237 697 255 499,santématernele@yahoo.fr,CSI avec vaccination,Oui,Oui,Oui,Oui,Oui,Hépatite B | Fièvre jaune | Rougeole | Méningite,Oui,7j/7 — 08h00–20h00
VAC0253,Centre de Vaccination Mvogo,Douala,Douala II,Koumassi,4.072394,9.654489,+237 653 201 291,mvogo@hotmail.com,CSI avec vaccination,Oui,Oui,Oui,Non,Oui,Rougeole | Fièvre jaune | BCG | COVID-19 | Méningite,Non,Lun–Sam 08h00–17h00
VAC0254,Centre de Vaccination Assamba,Douala,Douala VI,Bonamoussadi,4.089899,9.721819,+237 242 544 691,assamba@yahoo.fr,PMI,Oui,Oui,Oui,Non,Oui,HPV | Fièvre jaune | COVID-19 | Tétanos | Rougeole | Polio | DTP | Hépatite B | BCG | Méningite,Non,Lun–Dim 08h00–18h00
VAC0255,Centre de Vaccination Alliance,Yaoundé,Yaoundé III,Étoa-Meki,3.876292,11.600814,+237 651 494 765,alliance@sante.cm,Centre de vaccination,Oui,Oui,Oui,Oui,Non,Tétanos | Rougeole | Polio | DTP | Méningite | HPV,Non,Lun–Sam 08h00–17h00
VAC0256,PMI de Kotto,Douala,Douala VI,Kotto,4.022723,9.740621,+237 242 676 214,kotto@gmail.com,CSI avec vaccination,Oui,Oui,Oui,Non,Oui,BCG | Rougeole | COVID-19 | Polio | Fièvre jaune | HPV,Non,Lun–Sam 08h30–18h30
VAC0257,Centre de Vaccination de Youpwé,Douala,Douala II,Bonanjo,4.090396,9.64701,+237 654 049 890,youpwé@yahoo.fr,PMI,Oui,Non,Oui,Oui,Oui,Polio | HPV | COVID-19 | Tétanos,Non,Lun–Dim 08h00–18h00
VAC0258,PMI Saint-Marie,Yaoundé,Yaoundé V,Messa,3.809721,11.558926,+237 242 997 068,marie@gmail.com,CSI avec vaccination,Oui,Oui,Non,Oui,Oui,Hépatite B | HPV | Méningite | Fièvre jaune | COVID-19 | Rougeole | Tétanos | DTP | BCG | Polio,Non,Lun–Sam 08h30–18h30
VAC0259,Centre de Vaccination de Boko,Douala,Douala III,PK17,4.01566,9.695241,+237 698 248 137,boko@yahoo.fr,Centre de vaccination,Oui,Oui,Oui,Oui,Non,COVID-19 | Hépatite B | DTP | HPV | Polio | Fièvre jaune | BCG,Non,Lun–Sam 07h30–19h00
VAC0260,Centre de Vaccination Kamga,Yaoundé,Yaoundé IV,Ngoa-Ekélé,3.912877,11.54533,+237 690 159 434,kamga@sante.cm,CSI avec vaccination,Oui,Oui,Non,Oui,Non,Rougeole | BCG | Fièvre jaune | Tétanos | Méningite | DTP,Non,Lun–Sam 07h00–20h00
VAC0261,Centre de Vaccination de Ndog-Bong,Douala,Douala V,Ndog-Bong,3.977939,9.709909,+237 651 975 778,ndog-bong@hotmail.com,CSI avec vaccination,Oui,Oui,Oui,Non,Oui,BCG | Fièvre jaune | Hépatite B | Tétanos | DTP | Méningite | Polio | HPV | COVID-19 | Rougeole,Oui,Lun–Sam 07h00–20h00
VAC0262,Centre de Vaccination de Youpwé,Douala,Douala I,Makepe,4.007117,9.682664,+237 652 806 921,youpwé@gmail.com,Centre de vaccination,Oui,Oui,Non,Oui,Oui,Rougeole | Méningite | Polio | Hépatite B | DTP | BCG | HPV | Fièvre jaune | Tétanos,Non,Lun–Sam 08h30–18h30
VAC0263,PMI de Ngousso,Yaoundé,Yaoundé IV,Nkol-Eton,3.947812,11.520634,+237 233 248 216,ngousso@sante.cm,PMI,Oui,Oui,Oui,Non,Oui,HPV | BCG | Fièvre jaune | Polio,Non,Lun–Sam 08h30–18h30
VAC0264,Centre de Santé Maternelle et Infantile de Nkolbisson,Yaoundé,Yaoundé IV,Nkolbisson,3.94145,11.548549,+237 233 238 161,santématernele@yahoo.fr,CSI avec vaccination,Oui,Non,Oui,Oui,Non,Polio | COVID-19 | Rougeole | HPV | Fièvre jaune | Tétanos | Méningite | BCG | Hépatite B,Oui,Lun–Sam 07h00–20h00
VAC0265,Centre de Vaccination Tchoupo,Douala,Douala IV,Japoma,3.98475,9.725257,+237 655 429 744,tchoupo@hotmail.com,Centre de vaccination,Oui,Oui,Oui,Oui,Oui,BCG | DTP | Fièvre jaune | COVID-19 | Hépatite B | Rougeole | Tétanos | Polio | Méningite | HPV,Oui,Lun–Sam 08h00–17h00
VAC0266,Centre de Vaccination de Ndogbong,Douala,Douala V,Nzeng-Ayong,4.122591,9.714641,+237 651 324 281,ndogbong@yahoo.fr,Centre de vaccination,Oui,Oui,Oui,Oui,Non,Méningite | DTP | HPV | Rougeole | Polio | Hépatite B | BCG | Fièvre jaune | Tétanos | COVID-19,Oui,Lun–Dim 08h00–18h00
VAC0267,PMI de Cité Verte,Yaoundé,Yaoundé I,Biyem-Assi,3.761298,11.51664,+237 655 785 328,citéverte@gmail.com,Centre de vaccination,Oui,Non,Oui,Oui,Oui,COVID-19 | Fièvre jaune | Tétanos | Hépatite B,Oui,Lun–Ven 08h00–18h00
VAC0268,Centre de Santé Maternelle et Infantile de Briqueterie,Yaoundé,Yaoundé I,Briqueterie,3.820845,11.575265,+237 653 642 816,santématernele@hotmail.com,PMI,Oui,Oui,Non,Non,Oui,Méningite | Polio | DTP | Tétanos | COVID-19,Non,Lun–Sam 08h00–17h00
VAC0269,Centre de Vaccination de Tsinga,Yaoundé,Yaoundé II,Tsinga,3.910202,11.574826,+237 696 011 024,tsinga@hotmail.com,Centre de vaccination,Oui,Oui,Oui,Oui,Oui,Méningite | HPV | DTP | Rougeole | Tétanos | COVID-19,Non,Lun–Sam 08h00–17h00
VAC0270,Centre de Vaccination de Nzeng-Ayong,Douala,Douala IV,Nzeng-Ayong,4.01828,9.673404,+237 699 960 125,nzeng-ayong@sante.cm,Centre de vaccination,Oui,Oui,Oui,Non,Oui,Polio | COVID-19 | Fièvre jaune | Rougeole | Tétanos,Non,Lun–Ven 07h30–17h30
VAC0271,PMI de Nyalla,Douala,Douala V,PK8,4.05384,9.701565,+237 693 568 293,nyalla@sante.cm,PMI,Oui,Oui,Oui,Non,Oui,Rougeole | BCG | Polio | Fièvre jaune | Tétanos | Hépatite B,Oui,Lun–Sam 07h30–19h00
VAC0272,Centre de Santé Maternelle et Infantile de Nkol-Eton,Yaoundé,Yaoundé III,Nkol-Eton,3.87834,11.520062,+237 233 272 584,santématernele@hotmail.com,Centre de vaccination,Oui,Oui,Oui,Non,Non,COVID-19 | DTP | BCG | Méningite | Rougeole | Tétanos,Oui,Lun–Sam 07h00–20h00
VAC0273,Centre de Vaccination de Bassa,Douala,Douala III,Youpwé,4.09828,9.724907,+237 654 229 008,bassa@hotmail.com,PMI,Oui,Oui,Oui,Oui,Oui,Tétanos | Méningite | HPV | Fièvre jaune,Non,Lun–Dim 08h00–18h00
VAC0274,Centre de Vaccination Nkeng,Yaoundé,Yaoundé II,Odza,3.868172,11.493974,+237 692 097 846,nkeng@hotmail.com,Centre de vaccination,Oui,Oui,Oui,Oui,Oui,BCG | Hépatite B | Polio | Fièvre jaune | HPV,Non,Lun–Ven 08h00–18h00
VAC0275,Centre de Vaccination de Mimboman,Yaoundé,Yaoundé VI,Mvog-Mbi,3.827155,11.565683,+237 650 942 632,mimboman@hotmail.com,Centre de vaccination,Oui,Non,Oui,Non,Oui,Polio | Tétanos | Méningite | DTP,Non,Lun–Ven 07h30–17h30
VAC0276,Centre de Santé Maternelle et Infantile de Messa,Yaoundé,Yaoundé IV,Messa,3.807645,11.509705,+237 243 334 712,santématernele@hotmail.com,CSI avec vaccination,Oui,Oui,Oui,Oui,Oui,Méningite | HPV | BCG | Hépatite B | Fièvre jaune | Polio | DTP,Non,Lun–Dim 08h00–18h00
VAC0277,Centre de Santé Maternelle et Infantile de Bonaloka,Douala,Douala II,Ndokoti,4.012772,9.749271,+237 691 903 866,santématernele@yahoo.fr,PMI,Oui,Oui,Oui,Non,Oui,DTP | COVID-19 | BCG | Polio | Hépatite B | Méningite | HPV,Non,Lun–Ven 08h00–18h00
VAC0278,PMI de Olembe,Yaoundé,Yaoundé V,Tsinga,3.880054,11.519449,+237 698 618 705,olembe@yahoo.fr,PMI,Oui,Oui,Oui,Non,Non,Fièvre jaune | Polio | Rougeole | DTP | Méningite,Oui,Lun–Ven 07h30–17h30
VAC0279,Centre de Santé Maternelle et Infantile de Ndog-Bong,Douala,Douala I,Japoma,4.053938,9.672939,+237 653 131 442,santématernele@sante.cm,PMI,Oui,Oui,Oui,Oui,Oui,Hépatite B | BCG | Rougeole | Méningite | DTP | Fièvre jaune | Polio,Non,Lun–Sam 08h30–18h30
VAC0280,PMI de Bonanjo,Douala,Douala IV,Nkongmondo,3.998594,9.697051,+237 678 476 477,bonanjo@yahoo.fr,PMI,Oui,Oui,Non,Non,Oui,HPV | COVID-19 | BCG | Fièvre jaune | Méningite | Rougeole | Hépatite B | Tétanos,Oui,Lun–Sam 07h30–19h00
VAC0281,Centre de Santé Maternelle et Infantile de Mvog-Beti,Yaoundé,Yaoundé VII,Mvog-Beti,3.838678,11.410523,+237 652 279 375,santématernele@yahoo.fr,CSI avec vaccination,Oui,Oui,Non,Oui,Oui,COVID-19 | Hépatite B | Tétanos | Rougeole | HPV | DTP,Non,Lun–Dim 08h00–18h00
VAC0282,Centre de Vaccination de Youpwé,Douala,Douala II,Ndoghem,4.103045,9.748715,+237 243 842 297,youpwé@yahoo.fr,PMI,Oui,Oui,Oui,Oui,Oui,Tétanos | Hépatite B | Rougeole | COVID-19 | HPV | Fièvre jaune | Polio,Non,Lun–Ven 07h30–17h30
VAC0283,PMI Saint-Gabriel,Douala,Douala VI,New Bell,4.040883,9.646743,+237 690 666 688,gabriel@hotmail.com,Centre de vaccination,Oui,Oui,Oui,Oui,Oui,Rougeole | COVID-19 | DTP | Tétanos | Fièvre jaune | Hépatite B | Polio | Méningite | BCG | HPV,Non,Lun–Sam 08h30–18h30
VAC0284,PMI de Bali,Douala,Douala VI,Bonapriso,4.104096,9.646905,+237 655 148 163,bali@hotmail.com,PMI,Oui,Non,Non,Non,Oui,Hépatite B | HPV | Fièvre jaune | Rougeole | BCG | Tétanos | Méningite,Oui,Lun–Sam 07h30–19h00
VAC0285,PMI Saint-Anne,Douala,Douala V,Sodiko,4.077891,9.662009,+237 690 290 096,anne@sante.cm,Centre de vaccination,Oui,Non,Non,Non,Oui,DTP | Polio | BCG | Hépatite B | Méningite | HPV | Fièvre jaune | Rougeole,Oui,Lun–Sam 07h00–20h00
VAC0286,Centre de Santé Maternelle et Infantile de Nkongmondo,Douala,Douala VI,Nzeng-Ayong,4.059046,9.712587,+237 698 901 277,santématernele@hotmail.com,CSI avec vaccination,Oui,Oui,Oui,Oui,Oui,BCG | DTP | Rougeole | Méningite | Hépatite B | COVID-19 | Tétanos | Polio | Fièvre jaune,Non,Lun–Ven 08h00–18h00
VAC0287,Centre de Vaccination de Nlongkak,Yaoundé,Yaoundé IV,Nkolbisson,3.81694,11.527668,+237 694 893 348,nlongkak@gmail.com,CSI avec vaccination,Oui,Oui,Oui,Oui,Non,Polio | Fièvre jaune | Méningite | BCG,Non,Lun–Ven 07h30–17h30
VAC0288,Centre de Vaccination Bonheur,Yaoundé,Yaoundé VI,Mvog-Beti,3.895176,11.532218,+237 243 743 339,bonheur@hotmail.com,Centre de vaccination,Oui,Oui,Non,Oui,Non,Rougeole | Méningite | Fièvre jaune | Hépatite B | BCG | Tétanos | Polio | DTP,Non,Lun–Sam 07h30–19h00
VAC0289,PMI de Youpwé,Douala,Douala I,New Bell,4.010067,9.675824,+237 653 766 943,youpwé@gmail.com,CSI avec vaccination,Oui,Oui,Oui,Non,Oui,BCG | Tétanos | Polio | Hépatite B | Rougeole,Oui,Lun–Sam 08h30–18h30
VAC0290,Centre de Vaccination de Obili,Yaoundé,Yaoundé II,Obili,3.896752,11.453556,+237 695 189 974,obili@sante.cm,CSI avec vaccination,Oui,Oui,Oui,Non,Oui,Rougeole | DTP | Fièvre jaune | Hépatite B | COVID-19 | Méningite,Non,7j/7 — 08h00–20h00
VAC0291,PMI Saint-Michel,Yaoundé,Yaoundé VII,Ngoa-Ekélé,3.890138,11.444187,+237 677 495 969,michel@sante.cm,PMI,Oui,Oui,Oui,Non,Oui,Polio | Tétanos | Fièvre jaune | Méningite | DTP | Rougeole | HPV | Hépatite B,Non,7j/7 — 08h00–20h00
VAC0292,PMI Saint-Augustin,Yaoundé,Yaoundé VI,Olembe,3.780688,11.434884,+237 692 983 200,augustin@yahoo.fr,Centre de vaccination,Oui,Oui,Oui,Oui,Oui,Hépatite B | DTP | BCG | Méningite | Polio | Fièvre jaune | COVID-19,Non,Lun–Ven 08h00–18h00
VAC0293,Centre de Santé Maternelle et Infantile de Étoa-Meki,Yaoundé,Yaoundé VII,Étoa-Meki,3.925973,11.577896,+237 699 051 155,santématernele@hotmail.com,CSI avec vaccination,Oui,Oui,Oui,Non,Oui,BCG | Fièvre jaune | Méningite | Hépatite B | COVID-19 | Tétanos | Polio,Non,Lun–Sam 08h00–17h00
VAC0294,PMI Saint-Cécile,Yaoundé,Yaoundé I,Efoulan,3.895891,11.450982,+237 233 144 398,cécile@yahoo.fr,Centre de vaccination,Oui,Non,Oui,Oui,Non,Rougeole | Polio | BCG | HPV | Fièvre jaune | Méningite | Hépatite B,Non,Lun–Dim 08h00–18h00
VAC0295,Centre de Vaccination Ateba,Yaoundé,Yaoundé I,Biteng,3.804685,11.591854,+237 243 779 093,ateba@yahoo.fr,Centre de vaccination,Oui,Oui,Oui,Oui,Oui,DTP | Polio | Hépatite B | Rougeole | BCG | COVID-19 | Méningite | Fièvre jaune,Non,Lun–Ven 08h00–18h00
VAC0296,PMI de Mbanya,Douala,Douala III,Sodiko,4.111587,9.758998,+237 242 878 319,mbanya@sante.cm,Centre de vaccination,Oui,Non,Oui,Oui,Oui,Méningite | Polio | DTP | Tétanos | BCG | HPV | Hépatite B | Fièvre jaune,Oui,Lun–Sam 08h00–17h00
VAC0297,Centre de Santé Maternelle et Infantile de Nkoldongo,Yaoundé,Yaoundé III,Nkoldongo,3.864148,11.501528,+237 678 962 968,santématernele@hotmail.com,PMI,Oui,Oui,Non,Oui,Oui,Tétanos | Rougeole | COVID-19 | Polio,Non,Lun–Dim 08h00–18h00
VAC0298,PMI Saint-Étienne,Yaoundé,Yaoundé IV,Djoungolo,3.888999,11.42329,+237 222 915 072,étienne@yahoo.fr,Centre de vaccination,Oui,Oui,Oui,Oui,Non,DTP | Hépatite B | BCG | Tétanos | Fièvre jaune,Oui,Lun–Sam 07h00–20h00
VAC0299,Centre de Santé Maternelle et Infantile de Kondengui,Yaoundé,Yaoundé VII,Kondengui,3.858,11.538085,+237 650 416 177,santématernele@hotmail.com,CSI avec vaccination,Oui,Oui,Oui,Oui,Oui,Fièvre jaune | DTP | COVID-19 | BCG | Méningite,Non,Lun–Ven 08h00–18h00
VAC0300,Centre de Vaccination de Simbock,Yaoundé,Yaoundé VI,Ahala,3.851704,11.472367,+237 693 650 017,simbock@hotmail.com,PMI,Oui,Oui,Oui,Oui,Oui,Hépatite B | DTP | COVID-19 | Polio | HPV | BCG | Tétanos | Méningite | Rougeole | Fièvre jaune,Non,Lun–Sam 07h00–20h00
VAC0301,Centre de Santé Maternelle et Infantile de Boko,Douala,Douala VI,PK8,4.073532,9.6816,+237 678 631 557,santématernele@yahoo.fr,Centre de vaccination,Oui,Oui,Oui,Oui,Oui,HPV | BCG | Polio | Hépatite B,Non,7j/7 — 08h00–20h00
VAC0302,PMI de PK10,Douala,Douala I,PK10,4.101685,9.705707,+237 243 110 726,pk10@yahoo.fr,Centre de vaccination,Oui,Non,Oui,Oui,Oui,Polio | Hépatite B | BCG | Méningite | DTP | Fièvre jaune | COVID-19,Oui,Lun–Sam 08h30–18h30
VAC0303,Centre de Santé Maternelle et Infantile de Japoma,Douala,Douala I,Kotto,3.985646,9.682197,+237 690 140 980,santématernele@gmail.com,PMI,Oui,Oui,Oui,Non,Oui,COVID-19 | Tétanos | DTP | Polio | Hépatite B | Rougeole,Oui,Lun–Sam 08h00–17h00
VAC0304,PMI de Nkongmondo,Douala,Douala VI,Nkongmondo,4.060597,9.747996,+237 242 664 871,nkongmondo@hotmail.com,Centre de vaccination,Oui,Non,Oui,Non,Oui,BCG | DTP | Hépatite B | Rougeole | HPV,Oui,Lun–Sam 08h00–17h00
VAC0305,PMI de Makepe,Douala,Douala III,Boko,4.102765,9.723119,+237 243 172 318,makepe@hotmail.com,Centre de vaccination,Oui,Oui,Oui,Non,Oui,COVID-19 | Tétanos | Méningite | Polio | Fièvre jaune | BCG | HPV | Hépatite B | Rougeole | DTP,Oui,Lun–Ven 07h30–17h30
VAC0306,Centre de Santé Maternelle et Infantile de Village,Douala,Douala I,PK8,4.078338,9.789505,+237 242 914 886,santématernele@hotmail.com,CSI avec vaccination,Oui,Oui,Non,Oui,Oui,DTP | BCG | Rougeole | Méningite | HPV | Tétanos | Fièvre jaune,Non,Lun–Sam 08h00–17h00
VAC0307,Centre de Vaccination Ngoa,Douala,Douala I,Akwa,4.073394,9.696394,+237 695 155 318,ngoa@yahoo.fr,PMI,Oui,Oui,Oui,Oui,Oui,Rougeole | Méningite | DTP | BCG | Fièvre jaune | Tétanos | Hépatite B | COVID-19 | HPV,Non,Lun–Ven 08h00–18h00
VAC0308,Centre de Santé Maternelle et Infantile de Mvog-Ada,Yaoundé,Yaoundé III,Mvog-Ada,3.95408,11.497818,+237 679 123 130,santématernele@yahoo.fr,PMI,Oui,Non,Oui,Oui,Oui,BCG | Tétanos | Fièvre jaune | Rougeole | HPV | Hépatite B,Oui,7j/7 — 08h00–20h00
VAC0309,Centre de Vaccination de Makepe,Douala,Douala V,PK8,4.087023,9.690431,+237 222 213 730,makepe@sante.cm,Centre de vaccination,Oui,Non,Non,Oui,Oui,Méningite | BCG | DTP | Tétanos | COVID-19 | Fièvre jaune | Hépatite B | Rougeole,Non,Lun–Sam 07h00–20h00
VAC0310,PMI de Bassa,Douala,Douala I,Cité des Palmiers,3.983226,9.692592,+237 222 142 969,bassa@gmail.com,CSI avec vaccination,Oui,Oui,Oui,Oui,Oui,DTP | Rougeole | Tétanos | BCG | Hépatite B,Non,Lun–Dim 08h00–18h00
VAC0311,PMI Saint-Thérèse,Yaoundé,Yaoundé VII,Madagascar,3.76955,11.491216,+237 233 041 652,thérèse@sante.cm,PMI,Oui,Oui,Oui,Non,Non,COVID-19 | Méningite | DTP | Fièvre jaune | Rougeole | HPV | Polio,Non,Lun–Ven 08h00–18h00
VAC0312,Centre de Vaccination de Mvan,Yaoundé,Yaoundé VI,Cité Verte,3.812685,11.589551,+237 233 856 240,mvan@sante.cm,Centre de vaccination,Oui,Oui,Oui,Oui,Non,Méningite | BCG | Polio | Tétanos | HPV,Non,Lun–Dim 08h00–18h00
VAC0313,Centre de Santé Maternelle et Infantile de Ekounou,Yaoundé,Yaoundé I,Ekounou,3.805633,11.474727,+237 690 677 940,santématernele@gmail.com,CSI avec vaccination,Oui,Oui,Oui,Oui,Non,HPV | DTP | Hépatite B | Méningite,Oui,Lun–Dim 08h00–18h00
VAC0314,Centre de Vaccination de Makepe,Douala,Douala I,Bonamoussadi,4.05231,9.721871,+237 693 475 499,makepe@sante.cm,Centre de vaccination,Oui,Non,Oui,Oui,Oui,Polio | Fièvre jaune | HPV | DTP | Hépatite B | Tétanos | BCG,Oui,Lun–Sam 07h00–20h00
VAC0315,PMI Saint-Cyprien,Yaoundé,Yaoundé VI,Cité Verte,3.783135,11.497106,+237 692 417 345,cyprien@sante.cm,CSI avec vaccination,Oui,Oui,Oui,Oui,Oui,COVID-19 | Rougeole | Polio | HPV | DTP | Fièvre jaune | Hépatite B | Tétanos,Oui,Lun–Sam 08h00–17h00
VAC0316,Centre de Santé Maternelle et Infantile de Odza,Yaoundé,Yaoundé VI,Odza,3.859674,11.420645,+237 693 670 122,santématernele@sante.cm,PMI,Oui,Oui,Non,Non,Non,Méningite | Polio | Hépatite B | BCG | DTP | Fièvre jaune | HPV | Tétanos,Non,7j/7 — 08h00–20h00
VAC0317,Centre de Vaccination de Village,Douala,Douala IV,Village,4.083009,9.642286,+237 693 869 029,village@gmail.com,PMI,Oui,Oui,Oui,Oui,Oui,Tétanos | Polio | Hépatite B | HPV,Oui,Lun–Sam 08h30–18h30
VAC0318,PMI de Deido,Douala,Douala IV,Bonaberi,4.060772,9.634473,+237 691 170 388,deido@gmail.com,CSI avec vaccination,Oui,Non,Oui,Non,Oui,Méningite | COVID-19 | Hépatite B | DTP,Oui,Lun–Sam 08h30–18h30
VAC0319,PMI Saint-Gabriel,Yaoundé,Yaoundé VI,Madagascar,3.833158,11.449143,+237 654 399 404,gabriel@gmail.com,PMI,Oui,Non,Oui,Oui,Oui,Méningite | COVID-19 | Tétanos | Hépatite B | DTP,Oui,Lun–Ven 08h00–18h00
VAC0320,Centre de Santé Maternelle et Infantile de Olembe,Yaoundé,Yaoundé V,Olembe,3.749393,11.461873,+237 679 517 484,santématernele@yahoo.fr,PMI,Oui,Oui,Non,Oui,Oui,Polio | HPV | Méningite | Tétanos | Fièvre jaune,Non,Lun–Ven 07h30–17h30
VAC0321,Centre de Santé Maternelle et Infantile de Kotto,Douala,Douala VI,Sodiko,4.065745,9.712642,+237 222 771 045,santématernele@yahoo.fr,Centre de vaccination,Oui,Oui,Oui,Oui,Non,COVID-19 | Méningite | DTP | Fièvre jaune | Hépatite B | BCG | Tétanos | Rougeole | HPV | Polio,Non,Lun–Dim 08h00–18h00
VAC0322,PMI de Logbessou,Douala,Douala IV,Nzeng-Ayong,3.996425,9.762723,+237 654 338 797,logbessou@gmail.com,PMI,Oui,Oui,Non,Oui,Oui,BCG | Fièvre jaune | DTP | Hépatite B | Rougeole | Polio | Tétanos | COVID-19,Oui,Lun–Sam 08h00–17h00
VAC0323,Centre de Vaccination Avenir,Yaoundé,Yaoundé IV,Biyem-Assi,3.838327,11.533956,+237 697 622 286,avenir@yahoo.fr,CSI avec vaccination,Oui,Oui,Oui,Non,Oui,Hépatite B | HPV | Rougeole | Méningite,Non,Lun–Sam 07h30–19h00
VAC0324,Centre de Santé Maternelle et Infantile de Nkol-Afeme,Yaoundé,Yaoundé VI,Nkol-Afeme,3.922914,11.525194,+237 650 662 514,santématernele@gmail.com,PMI,Oui,Oui,Oui,Oui,Oui,DTP | COVID-19 | Hépatite B | Tétanos,Non,7j/7 — 08h00–20h00
VAC0325,PMI Saint-Dominique,Yaoundé,Yaoundé VII,Odza,3.775027,11.518099,+237 677 926 315,dominique@hotmail.com,PMI,Oui,Oui,Oui,Oui,Oui,Fièvre jaune | BCG | Tétanos | HPV,Non,Lun–Ven 08h00–18h00
VAC0326,PMI de Nkolbisson,Yaoundé,Yaoundé I,Nkolbisson,3.807951,11.523881,+237 654 556 141,nkolbisson@yahoo.fr,CSI avec vaccination,Oui,Oui,Non,Oui,Oui,Hépatite B | Fièvre jaune | HPV | Tétanos | DTP | COVID-19 | Rougeole | Polio | BCG | Méningite,Oui,7j/7 — 08h00–20h00
VAC0327,Centre de Vaccination de Mboppi,Douala,Douala III,Bonamoussadi,4.10955,9.753774,+237 652 522 578,mboppi@gmail.com,Centre de vaccination,Oui,Oui,Non,Non,Oui,Polio | Méningite | DTP | Hépatite B | HPV | COVID-19 | Tétanos | BCG | Rougeole | Fièvre jaune,Non,Lun–Sam 08h30–18h30
VAC0328,PMI de Bali,Douala,Douala I,Makepe,4.040386,9.688275,+237 233 693 631,bali@hotmail.com,PMI,Oui,Non,Oui,Oui,Non,DTP | Tétanos | Hépatite B | Rougeole,Oui,Lun–Sam 08h00–17h00
VAC0329,Centre de Vaccination de Cité des Palmiers,Douala,Douala VI,Cité des Palmiers,4.001953,9.759146,+237 652 436 011,citédespalmier@hotmail.com,Centre de vaccination,Oui,Non,Non,Oui,Oui,DTP | Tétanos | Polio | BCG | COVID-19 | Hépatite B | Méningite | Rougeole | Fièvre jaune | HPV,Non,Lun–Dim 08h00–18h00
VAC0330,PMI Saint-Joseph,Yaoundé,Yaoundé VI,Nkoldongo,3.888207,11.435042,+237 655 888 985,joseph@gmail.com,Centre de vaccination,Oui,Oui,Oui,Non,Oui,Polio | Rougeole | Hépatite B | Tétanos,Oui,Lun–Sam 08h00–17h00
VAC0331,Centre de Santé Maternelle et Infantile de Deido,Douala,Douala III,Ndog-Bong,4.012604,9.758596,+237 652 253 726,santématernele@sante.cm,Centre de vaccination,Oui,Oui,Oui,Oui,Oui,Tétanos | Hépatite B | HPV | Polio | Rougeole,Non,Lun–Dim 08h00–18h00
VAC0332,PMI de Sodiko,Douala,Douala II,Akwa,4.055431,9.693736,+237 242 901 859,sodiko@yahoo.fr,CSI avec vaccination,Oui,Oui,Non,Non,Oui,HPV | Polio | COVID-19 | DTP | Tétanos | Méningite | Rougeole | BCG | Hépatite B | Fièvre jaune,Non,Lun–Sam 07h30–19h00
VAC0333,Centre de Vaccination de Kotto,Douala,Douala III,Kotto,4.036213,9.652406,+237 696 822 457,kotto@yahoo.fr,CSI avec vaccination,Oui,Oui,Non,Non,Oui,Rougeole | Hépatite B | HPV | DTP | Polio | Fièvre jaune,Non,Lun–Sam 08h30–18h30
VAC0334,Centre de Vaccination de Akwa,Douala,Douala VI,Bepanda,4.002775,9.734863,+237 242 552 767,akwa@sante.cm,CSI avec vaccination,Oui,Oui,Non,Non,Oui,COVID-19 | Méningite | Tétanos | Hépatite B | Fièvre jaune | HPV | DTP | BCG | Polio | Rougeole,Non,Lun–Sam 07h30–19h00
VAC0335,Centre de Vaccination de Deido,Douala,Douala I,Koumassi,4.052943,9.624851,+237 652 794 794,deido@sante.cm,Centre de vaccination,Oui,Oui,Non,Non,Oui,Rougeole | BCG | Hépatite B | Fièvre jaune | Polio | Méningite | DTP,Non,Lun–Sam 08h00–17h00
VAC0336,PMI de Bonamoussadi,Douala,Douala IV,Kotto,4.04956,9.759568,+237 679 745 728,bonamoussadi@sante.cm,PMI,Oui,Non,Non,Non,Oui,Hépatite B | Polio | HPV | DTP | Rougeole | Fièvre jaune | Méningite | BCG,Non,Lun–Dim 08h00–18h00
VAC0337,Centre de Vaccination de Cité Verte,Yaoundé,Yaoundé I,Mvog-Mbi,3.767504,11.464651,+237 698 418 765,citéverte@hotmail.com,CSI avec vaccination,Oui,Oui,Oui,Non,Oui,Tétanos | Fièvre jaune | HPV | DTP | Hépatite B | COVID-19,Oui,Lun–Dim 08h00–18h00
VAC0338,PMI de PK8,Douala,Douala III,PK12,4.015699,9.716604,+237 655 942 954,pk8@hotmail.com,PMI,Oui,Non,Non,Non,Oui,Tétanos | BCG | Fièvre jaune | HPV | DTP | Hépatite B | COVID-19 | Polio | Méningite | Rougeole,Non,Lun–Sam 07h00–20h00
VAC0339,Centre de Santé Maternelle et Infantile de PK14,Douala,Douala III,PK8,4.009067,9.785006,+237 654 005 226,santématernele@hotmail.com,PMI,Oui,Non,Oui,Non,Oui,Tétanos | COVID-19 | DTP | Fièvre jaune,Non,Lun–Ven 07h30–17h30
VAC0340,Centre de Vaccination Eba,Douala,Douala V,Logbessou,4.041133,9.634615,+237 243 394 862,eba@sante.cm,CSI avec vaccination,Oui,Oui,Oui,Oui,Oui,Rougeole | Fièvre jaune | COVID-19 | Polio,Non,Lun–Sam 07h30–19h00
VAC0341,PMI de New Bell,Douala,Douala I,New Bell,4.121282,9.69958,+237 692 159 255,newbell@gmail.com,PMI,Oui,Oui,Non,Oui,Oui,Tétanos | BCG | DTP | Méningite | Rougeole,Oui,Lun–Ven 07h30–17h30
VAC0342,Centre de Santé Maternelle et Infantile de New Bell,Douala,Douala III,New Bell,4.010562,9.649066,+237 243 272 398,santématernele@hotmail.com,CSI avec vaccination,Oui,Oui,Oui,Non,Oui,Polio | DTP | Rougeole | HPV | COVID-19 | BCG,Oui,Lun–Sam 08h00–17h00
VAC0343,Centre de Santé Maternelle et Infantile de Kotto,Douala,Douala VI,Kotto,4.137873,9.719923,+237 695 234 379,santématernele@hotmail.com,PMI,Oui,Oui,Oui,Oui,Oui,COVID-19 | DTP | Polio | BCG | Tétanos | Fièvre jaune | Hépatite B | HPV | Méningite,Non,Lun–Sam 07h00–20h00
VAC0344,PMI de Nzeng-Ayong,Douala,Douala III,Nyalla,4.0877,9.71232,+237 697 001 524,nzeng-ayong@gmail.com,PMI,Oui,Oui,Non,Oui,Oui,COVID-19 | Polio | Rougeole | DTP,Non,Lun–Ven 08h00–18h00
VAC0345,Centre de Vaccination Hamadou,Yaoundé,Yaoundé II,Omnisports,3.809809,11.503509,+237 651 498 940,hamadou@yahoo.fr,CSI avec vaccination,Oui,Oui,Non,Non,Oui,HPV | Tétanos | Rougeole | COVID-19 | Polio | DTP | Fièvre jaune | BCG,Non,Lun–Sam 07h30–19h00
VAC0346,Centre de Vaccination Alliance,Yaoundé,Yaoundé II,Nkoldongo,3.950301,11.500394,+237 222 781 365,alliance@yahoo.fr,PMI,Oui,Oui,Oui,Non,Oui,Méningite | BCG | Rougeole | Polio | Hépatite B | Fièvre jaune | HPV | DTP | COVID-19 | Tétanos,Non,Lun–Sam 07h30–19h00
VAC0347,Centre de Vaccination Mbarga,Yaoundé,Yaoundé VI,Cité Verte,3.780724,11.462024,+237 679 617 714,mbarga@sante.cm,CSI avec vaccination,Oui,Non,Oui,Oui,Oui,Fièvre jaune | Polio | Méningite | HPV | DTP,Oui,Lun–Sam 08h00–17h00
VAC0348,PMI Saint-Louis,Douala,Douala VI,Ndoghem,3.977304,9.660893,+237 695 342 662,louis@hotmail.com,Centre de vaccination,Oui,Oui,Oui,Oui,Non,HPV | DTP | Tétanos | COVID-19 | Polio | Rougeole | Fièvre jaune,Non,Lun–Sam 08h00–17h00
VAC0349,PMI Saint-Paul,Douala,Douala III,Ndog-Bong,4.069292,9.734271,+237 698 563 669,paul@gmail.com,PMI,Oui,Oui,Non,Oui,Oui,HPV | Tétanos | BCG | Polio | COVID-19 | DTP | Hépatite B | Méningite | Rougeole | Fièvre jaune,Oui,Lun–Sam 08h00–17h00
VAC0350,Centre de Santé Maternelle et Infantile de Bonanjo,Douala,Douala VI,Kotto,4.110339,9.768442,+237 233 899 786,santématernele@yahoo.fr,PMI,Oui,Oui,Oui,Oui,Oui,Méningite | Polio | Fièvre jaune | BCG | HPV | Tétanos,Non,Lun–Ven 07h30–17h30
